No,抽選日,数字１,数字２,数字３,数字４,数字５,数字６,数字７,数字Ｂ１,数字Ｂ２,１等口数,２等口数,３等口数,４等口数,５等口数,６等口数,１等金額,２等金額,３等金額,４等金額,５等金額,６等金額,キャリーオーバー,販売実績
1,2013/04/05,07,10,12,17,23,28,34,03,15,1,24,168,8254,115022,189593,301716500,4144600,828900,9800,1700,900,0,2194449900
2,2013/04/12,20,24,29,31,33,34,35,12,32,0,3,63,3631,67155,122990,0,27968500,1864500,18900,2500,1200,247506600,1851060000
3,2013/04/19,02,07,08,11,14,23,31,05,15,0,15,218,9957,147796,252702,0,8717200,839700,10700,1700,900,646583065,2884697700
4,2013/04/26,12,13,22,23,24,28,29,02,14,0,6,132,7217,127060,217162,0,22730100,1446400,15500,2100,1100,1055636845,3008726400
5,2013/05/03,01,03,04,05,16,21,28,22,31,0,13,217,10451,163965,239669,0,11525600,966600,11700,1800,1100,1502479900,3305505900
6,2013/05/10,05,15,19,23,30,34,35,06,25,0,13,166,9111,158890,271441,0,12174300,1334700,14200,2000,1000,1975256125,3491554500
7,2013/05/17,01,03,05,07,27,29,33,06,15,3,18,209,10300,164712,287966,800000000,8835900,1065300,12600,1900,1000,41801960,3508752300
8,2013/05/24,02,21,28,29,30,32,36,06,08,0,4,98,5628,98454,201752,0,28966000,1655100,16900,2300,1000,390672500,2556097200
9,2013/05/31,03,04,15,23,27,30,36,13,35,2,4,201,8281,129548,213199,380111200,30883600,860400,12200,1900,1000,0,2725318200
10,2013/06/07,01,02,03,06,24,28,30,16,20,0,4,147,6861,113261,166137,0,26389000,1005200,12600,1800,1100,321524240,2328697200
11,2013/06/14,09,15,26,29,32,34,36,14,35,1,6,138,6700,112138,211430,707670400,20977400,1276800,15400,2200,1000,0,2776716900
12,2013/06/21,11,12,14,19,26,27,33,24,32,1,9,198,7888,111522,167040,296535200,11274500,717400,10500,1800,1100,0,2238574500
13,2013/06/28,06,10,16,21,27,28,35,15,34,0,8,116,6420,102857,180788,0,12556800,1212300,12800,1900,1000,297797015,2216156700
14,2013/07/05,04,07,08,09,24,28,30,34,36,2,16,206,9151,138034,208315,316971200,7259000,789300,10400,1700,1000,0,2562285300
15,2013/07/12,02,10,14,17,23,25,35,08,29,2,10,112,5732,92282,176674,139246400,9268900,1158600,13200,2000,900,0,2044840200
16,2013/07/19,05,06,09,13,16,21,23,08,34,1,4,105,4943,83727,151462,259314500,21862000,1165900,14500,2100,1000,0,1929209400
17,2013/07/26,02,03,05,22,34,36,37,07,15,0,4,90,4666,77221,169662,0,20977700,1305200,14700,2200,800,257444175,1851175500
18,2013/08/02,12,17,21,24,29,31,36,20,26,4,6,217,6847,97855,147556,138991400,16682100,645700,12000,2000,1200,0,2208161100
19,2013/08/09,02,14,19,20,21,22,31,01,15,0,4,76,3806,64380,114009,0,19848700,1462500,17100,2500,1200,234808895,1751549100
20,2013/08/16,02,05,13,20,21,23,28,11,22,0,7,127,8054,106761,175616,0,14478600,1117200,10300,1900,1000,536318350,2235915900
21,2013/08/23,01,09,13,15,25,30,33,19,28,1,10,132,6801,112769,194579,800000000,12244200,1298600,14700,2200,1100,95906390,2701219200
22,2013/08/30,02,04,08,09,15,23,25,03,10,0,14,164,7789,117980,203297,0,7236900,864800,10600,1700,900,392492300,2235169800
23,2013/09/06,04,08,11,25,28,29,30,14,32,1,12,166,8013,124341,193931,746478700,9581100,969600,11700,1800,1000,0,2536467000
24,2013/09/13,04,05,08,10,16,19,33,02,29,0,6,120,5270,86619,154752,0,14535600,1017400,13500,2000,1000,257380635,1924038300
25,2013/09/20,01,06,11,16,17,18,21,10,24,2,4,102,5581,91372,173039,288220500,25836500,1418400,15200,2200,1000,0,2279937300
26,2013/09/27,11,13,16,18,26,31,36,21,27,0,3,68,4092,69621,131086,0,27534000,1700600,16500,2400,1100,242988750,1822299000
27,2013/10/04,01,10,11,14,17,18,28,25,26,0,7,130,5972,97788,176737,0,14134500,1065500,13600,2000,1000,534246145,2182769100
28,2013/10/11,06,07,12,15,19,35,37,01,11,1,8,173,8429,117449,181526,800000000,14005000,906600,10900,1900,1100,62941930,2471745300
29,2013/10/18,02,03,16,17,24,26,28,15,31,0,8,118,6600,109583,183727,0,12465300,1183100,12400,1800,900,369168905,2199997500
30,2013/10/25,06,08,13,22,26,32,36,16,34,0,10,115,6578,109416,187753,0,11720500,1426800,14600,2100,1100,719099050,2585684100
31,2013/11/01,09,12,13,19,23,33,34,20,32,1,10,161,8364,133958,205732,800000000,13498600,1173700,13200,2000,1100,330605330,2977964400
32,2013/11/08,03,08,15,18,27,29,37,31,34,3,9,176,8081,125046,194399,225745200,12679800,907700,11500,1800,1000,0,2517593700
33,2013/11/15,01,04,17,24,29,33,36,19,30,0,6,127,5830,87193,142603,0,14839800,981500,12500,2000,1100,266123875,1964305500
34,2013/11/22,04,06,07,23,24,32,35,08,27,0,9,147,6976,108906,197576,0,11700500,1002800,12300,1900,900,588283060,2323155300
35,2013/11/29,01,16,18,19,25,30,34,26,36,0,2,88,6079,103961,170370,0,57126000,1817600,15400,2200,1200,921548030,2520534600
36,2013/12/06,05,06,10,11,20,28,36,25,37,1,10,200,9252,142419,223589,800000000,12705800,889300,11200,1800,1000,494443545,2803064700
37,2013/12/13,07,08,10,13,14,19,37,29,33,1,8,125,6741,113597,193752,800000000,13943800,1249300,13500,1900,1000,33565555,2460943800
38,2013/12/20,04,14,19,22,24,29,34,08,31,1,19,670,6320,89901,163891,323677300,5241700,208100,12900,2200,1100,0,2197158600
39,2013/12/27,07,13,19,23,25,26,30,01,18,1,9,104,5865,94790,166850,279333700,10369500,1256200,13000,1900,1000,0,2058888900
40,2014/01/10,02,06,11,23,26,31,34,07,20,1,8,136,6276,97091,160108,281251400,11663700,960500,12200,1900,1000,0,2058527100
41,2014/01/17,02,03,08,15,34,35,36,25,28,0,18,114,5690,85743,163995,0,4576600,1011600,11800,1900,900,242481625,1817404500
42,2014/01/24,02,15,16,17,23,31,33,08,26,1,9,152,6789,106318,198943,564832800,11822000,979900,12800,2000,900,0,2347284300
43,2014/01/31,04,06,07,08,24,31,37,05,13,0,7,131,6190,99278,174501,0,12336300,922800,11400,1700,900,253658750,1905087000
44,2014/02/07,03,04,06,15,27,28,29,01,14,0,26,285,10327,128463,201888,0,4030700,514700,8300,1600,900,569611595,2311988100
45,2014/02/14,01,02,09,18,21,27,33,25,31,0,9,163,7190,109093,182578,0,12406400,959000,12700,2000,1100,899790300,2463306900
46,2014/02/21,02,05,06,15,23,27,30,04,35,1,21,279,11944,166273,269340,800000000,6075000,640100,8700,1500,800,491347345,2814476100
47,2014/02/28,02,09,11,14,20,21,36,06,15,2,10,127,6304,100950,179186,411638000,11192600,1233800,14500,2200,1100,0,2469222000
48,2014/03/07,03,05,24,26,29,30,34,08,35,1,6,96,4568,78659,150052,240970300,13821600,1209300,14900,2100,1000,0,1829537400
49,2014/03/14,08,11,12,17,24,26,27,14,21,1,9,142,5956,91203,129398,237579900,8854400,785600,10900,1700,1100,0,1758062400
50,2014/03/21,03,04,07,08,15,24,29,11,16,2,13,193,8096,108710,167151,112997700,5740400,541300,7500,1300,800,0,1646345400
51,2014/03/28,01,04,05,08,20,23,35,15,33,0,7,85,5048,79109,140349,0,11055400,1274600,12500,1900,1000,228789300,1707276000
52,2014/04/04,08,10,22,24,26,32,34,05,09,0,7,78,4588,80076,157564,0,13429000,1687200,16800,2300,1000,517585780,2073818400
53,2014/04/11,01,04,14,16,20,33,36,12,30,2,11,105,5567,94976,166040,424722700,10154700,1489300,16400,2300,1200,0,2464287900
54,2014/04/18,01,03,05,10,18,22,23,07,35,0,12,156,6012,89428,160144,0,6757100,727600,11000,1800,900,239162760,1788856800
55,2014/04/25,04,12,14,17,23,30,36,13,33,1,5,132,6629,102151,161412,536627600,20250200,1073800,12500,2000,1100,0,2233722600
56,2014/05/02,04,23,26,27,28,32,36,29,30,0,5,69,4476,77069,125240,0,16071900,1630400,14700,2100,1100,239510660,1772830800
57,2014/05/09,05,06,12,16,17,20,33,08,32,0,14,130,5981,99333,167658,0,6948300,1047500,13300,1900,1000,535837750,2146036200
58,2014/05/16,01,06,07,08,23,32,33,11,34,1,5,176,7390,115904,204160,800000000,22002600,875000,12200,1900,900,69864060,2427019800
59,2014/05/23,05,08,12,13,21,30,35,27,34,0,10,134,6036,90778,152530,0,8769400,916100,11900,1900,1000,333161630,1934634600
60,2014/05/30,03,07,09,15,16,23,34,05,33,1,10,203,9309,131989,207951,636917600,9951000,686200,8700,1500,800,0,2195327100
61,2014/06/06,05,10,11,21,28,31,37,13,14,1,5,110,4819,73709,124174,231978000,15005200,954800,12700,2000,1000,0,1655167500
62,2014/06/13,04,10,12,15,27,32,33,09,16,0,6,115,5329,82357,137777,0,12590700,919600,11600,1800,900,234614670,1666602600
63,2014/06/20,04,08,19,24,28,30,32,12,37,1,15,180,7737,107083,167728,524339700,6457200,753300,10200,1800,1000,0,2136826500
64,2014/06/27,04,15,16,17,20,29,36,19,26,0,2,71,4186,72498,110154,0,38773400,1529000,15200,2100,1200,235685240,1710775200
65,2014/07/04,04,07,12,22,23,24,28,25,34,0,13,184,8698,127318,189206,0,7294900,721500,8900,1500,900,510891905,2092157700
66,2014/07/11,01,11,25,28,31,33,37,03,20,0,3,104,5619,99107,172089,0,35602400,1437700,15600,2100,1100,829816620,2356292700
67,2014/07/18,07,11,15,17,18,25,35,06,33,0,13,166,7610,121393,220199,0,9336100,1023500,13000,2000,1000,1181533320,2677560000
68,2014/07/25,02,07,13,15,24,34,35,12,23,1,25,210,10354,152027,281508,800000000,5519400,919800,10900,1800,800,808528740,3044115600
69,2014/08/01,13,17,20,22,28,29,37,11,12,1,9,118,5961,99657,179019,800000000,13107500,1399600,16200,2400,1100,363873750,2602513800
70,2014/08/08,09,10,18,21,27,33,35,04,11,3,15,163,7266,102768,178645,222116800,6723700,866200,11400,1900,1000,0,2225021400
71,2014/08/15,01,06,13,29,34,35,37,02,15,0,2,61,3423,61037,118919,0,37959300,1742300,18200,2500,1100,225783715,1674854700
72,2014/08/22,11,12,18,19,20,31,32,09,21,5,35,120,5236,84053,145081,103896700,2815300,1149500,15400,2300,1200,0,2173842600
73,2014/08/29,12,16,23,25,27,30,32,28,33,0,9,96,4888,79551,137375,0,8881600,1165600,13400,2000,1000,239746775,1763455500
74,2014/09/05,05,13,14,15,16,24,31,09,11,0,9,115,6063,100706,168688,0,10902000,1194400,13200,1900,1000,538287400,2164612500
75,2014/09/12,04,09,15,17,19,35,37,10,20,2,9,107,5858,102544,164397,434459600,12033700,1417000,15100,2100,1100,0,2389309200
76,2014/09/19,04,13,18,29,32,34,36,24,33,1,5,131,4941,76086,141102,241111000,15503500,828400,12800,2000,900,0,1710127800
77,2014/09/26,03,10,23,25,26,28,30,15,29,0,8,99,4883,79505,134731,0,9431900,1067000,12600,1900,1000,220682015,1664636700
78,2014/10/03,05,06,10,14,24,28,36,07,20,2,8,134,6232,93845,153240,245019800,11188900,935100,11700,1900,1000,0,1974738000
79,2014/10/10,02,04,07,09,21,29,37,06,36,0,8,83,4630,76764,127730,0,9076100,1224700,12800,1900,1000,213723005,1601838900
80,2014/10/17,02,05,10,18,21,24,27,25,34,0,6,161,6067,91076,142350,0,15082300,786800,12200,2000,1100,482184370,1996409700
81,2014/10/24,01,03,10,18,28,31,35,09,21,0,10,117,6097,101530,176500,0,10885100,1302400,14600,2100,1100,805203145,2401399500
82,2014/10/31,01,03,16,20,25,27,34,18,37,0,10,117,6744,116324,191383,0,13060900,1562800,15900,2200,1200,1195576075,2881403400
83,2014/11/07,01,11,21,26,28,32,35,18,22,0,11,118,7047,123990,218185,0,13156900,1717000,16800,2300,1200,1619633575,3192840000
84,2014/11/14,08,16,23,28,29,35,36,12,37,0,23,236,12518,180209,291170,0,6770600,923700,10200,1700,900,2095793915,3435487200
85,2014/11/21,06,07,10,11,22,26,35,14,23,1,22,242,10771,170753,306651,800000000,7538600,959400,12600,1900,900,1808128280,3658865700
86,2014/11/28,03,10,20,21,22,26,30,24,35,1,16,153,7353,120914,205807,800000000,8694200,1272800,15500,2300,1200,1416245085,3068898900
87,2014/12/05,08,09,12,18,20,28,31,13,15,0,13,138,7821,127559,223589,0,9776900,1289400,13300,2000,1000,1790275855,2803986600
88,2014/12/12,03,04,10,14,25,29,30,18,19,0,11,177,8800,136071,235427,0,12013600,1045200,12300,1900,1000,2147483647,2915395500
89,2014/12/19,01,03,11,26,28,34,36,17,20,0,12,159,8388,138336,224541,0,11582900,1223800,13600,2000,1100,2147483647,3066412500
90,2014/12/26,02,08,09,13,14,18,37,11,25,1,15,153,8377,142874,267154,800000000,10036600,1377500,14700,2100,1000,2147483647,3321297600
91,2015/01/09,01,05,07,14,15,25,35,18,24,0,18,315,11332,162096,260376,0,8186000,654800,10600,1800,1000,2147483647,3250678800
92,2015/01/16,04,05,15,25,26,29,32,11,27,1,9,162,7853,133466,245160,800000000,15195400,1181800,14300,2000,1000,2147483647,3017073600
93,2015/01/23,02,05,11,14,17,30,32,31,37,2,10,139,7146,117498,196034,800000000,12969400,1306200,14900,2200,1200,1052449145,2861212200
94,2015/01/30,13,19,20,27,28,29,30,26,36,2,8,120,6192,104231,181697,705794000,15220500,1420500,16100,2300,1200,0,2686270800
95,2015/02/06,01,08,13,14,18,30,34,26,36,0,5,89,4775,79565,146366,0,18009000,1416400,15400,2200,1100,268239710,1986499800
96,2015/02/13,09,11,14,21,22,23,24,10,36,0,15,130,6426,103877,180889,0,6898400,1114300,13200,2000,1000,573705620,2282815800
97,2015/02/20,07,13,14,16,22,24,35,01,29,1,16,129,6927,111308,178510,800000000,6932900,1203800,13100,2000,1100,99001930,2447185800
98,2015/02/27,03,09,11,13,19,25,33,10,30,0,18,189,7746,109792,172961,0,5366700,715500,10200,1700,1000,387567960,2131139400
99,2015/03/06,13,17,22,24,27,28,35,11,19,1,11,131,6826,105445,176597,699064600,9328000,1096500,12300,1900,1000,0,2263663200
100,2015/03/13,01,02,11,16,25,35,36,09,14,0,6,76,4479,78016,152645,0,14043600,1552100,15400,2100,1000,248837600,1858920000
101,2015/03/20,11,12,21,23,28,36,37,03,16,0,9,147,5973,97792,177936,0,10648500,912700,13100,1900,900,546062785,2114271300
102,2015/03/27,01,04,08,27,28,29,31,13,25,3,14,155,7215,117503,200661,295337700,7795200,985700,12400,1800,900,0,2407628700
103,2015/04/03,02,03,11,12,22,35,36,30,34,0,3,134,5989,91551,133012,0,27272900,854800,11200,1800,1100,237715660,1805020800
104,2015/04/10,07,09,11,15,16,22,37,12,13,1,7,129,6241,98767,168004,523951100,13662100,1037800,12500,1900,1000,0,2109822600
105,2015/04/17,03,15,19,20,26,28,33,17,21,1,12,116,5412,85105,137748,248384000,6977900,1010500,12700,1900,1100,0,1847314500
106,2015/04/24,06,10,12,19,21,22,30,01,11,0,10,105,4888,78353,144248,0,8217800,1095600,13800,2100,1000,242369330,1812953400
107,2015/05/01,03,08,09,13,17,27,33,29,31,0,15,165,7623,112363,182521,0,6523000,830100,10500,1700,900,543591915,2158581300
108,2015/05/08,02,06,07,08,28,30,36,18,21,0,15,164,7155,111653,180825,0,6899600,883400,11800,1800,1000,856434470,2283207900
109,2015/05/15,06,17,20,21,24,30,32,07,23,0,7,116,5373,90074,168077,0,16296700,1376700,17400,2500,1200,1194796700,2516675400
110,2015/05/22,04,12,22,30,31,35,36,19,37,0,5,97,5982,107601,193433,0,24076400,1737400,16500,2200,1100,1552785590,2655778200
111,2015/05/29,07,08,09,24,28,30,33,01,34,1,20,462,9785,141811,216444,800000000,6520500,395100,10900,1800,1000,1156138945,2877021900
112,2015/06/05,06,07,10,15,27,35,36,13,20,0,11,185,7596,124932,200050,0,10423500,867600,12300,1800,1000,1500897975,2529515400
113,2015/06/12,04,06,07,09,15,17,37,14,20,0,5,143,8092,131713,197180,0,24776900,1212800,12500,1900,1100,1865147520,2733038100
114,2015/06/19,08,13,26,27,28,29,37,04,12,1,13,176,9938,149653,269436,800000000,10381400,1073500,11100,1800,900,1458876495,2977339500
115,2015/06/26,06,08,13,14,20,25,27,24,26,1,12,208,8562,132365,223347,800000000,10371300,837600,11900,1900,1000,1019016770,2745655500
116,2015/07/03,09,14,23,27,28,31,32,03,20,1,7,159,8032,121251,196929,800000000,16907200,1042000,12100,1900,1000,585423220,2610951000
117,2015/07/10,09,10,20,28,31,34,37,23,26,0,4,99,5050,87904,165536,0,27178600,1537300,17600,2500,1100,913053470,2398371000
118,2015/07/17,05,08,09,24,27,28,30,16,20,0,9,213,11376,140813,198944,0,11925600,705400,7700,1500,900,1243142375,2367852900
119,2015/07/24,03,06,08,14,15,25,36,24,35,1,90,223,11619,137464,229907,800000000,1234300,697400,7800,1600,800,784900955,2450804400
120,2015/07/31,02,16,18,26,32,35,37,09,36,0,5,125,5325,90974,163486,0,21086900,1180800,16200,2300,1100,1103234440,2326017300
121,2015/08/07,02,04,13,16,21,30,37,19,29,1,3,103,5189,87477,164610,800000000,35571400,1450400,16800,2400,1100,628349190,2354247000
122,2015/08/14,02,16,18,26,27,34,35,05,12,0,9,130,6455,91608,171725,0,11120500,1077800,12700,2200,1000,926503785,2207987100
123,2015/08/21,01,03,05,08,29,34,36,23,28,1,11,117,6184,112178,226852,800000000,10030800,1320200,14600,1900,800,472187410,2434204500
124,2015/08/28,01,02,15,17,18,22,36,06,27,1,6,94,5424,91676,178588,785704400,17461400,1560300,15800,2300,1000,0,2311323600
125,2015/09/04,01,06,11,14,19,28,35,18,21,0,4,146,6273,93226,138088,0,21167200,811800,11000,1800,1100,248655270,1867896600
126,2015/09/11,04,10,13,16,17,21,27,01,18,2,3,119,5526,89632,149649,265266200,31531800,1112800,14000,2100,1100,0,2086890900
127,2015/09/18,10,12,15,23,28,30,35,06,25,2,16,144,6662,97309,149636,125520200,5042700,784400,9900,1600,900,0,1779995400
128,2015/09/25,02,04,08,23,26,27,32,03,35,1,7,104,5578,84609,148326,233557500,11052200,1041400,11300,1800,900,0,1706776800
129,2015/10/02,05,07,11,19,24,27,30,29,35,1,10,141,6246,91513,140404,229587800,7828100,777200,10200,1700,1000,0,1726976400
130,2015/10/09,01,15,20,23,25,31,32,05,24,0,4,68,3633,62774,119695,0,18949300,1560500,17100,2400,1100,226123355,1672179900
131,2015/10/16,03,04,12,17,32,34,36,23,31,0,7,98,4936,82400,148373,0,12634400,1263400,14700,2100,1000,497901650,1951121100
132,2015/10/23,07,10,14,16,20,30,31,35,37,0,7,113,5432,89305,155506,0,14771100,1281000,15600,2300,1200,799493370,2281089600
133,2015/10/30,03,07,13,15,17,21,30,14,27,0,9,170,7575,119190,207611,0,12735100,943800,12400,1900,1000,1134284665,2528567100
134,2015/11/06,04,09,20,28,30,34,35,12,29,0,12,126,6497,114011,209075,0,9879700,1317200,14900,2100,1000,1481435860,2615507100
135,2015/11/13,08,09,13,14,24,32,34,03,04,0,7,169,7454,121932,223604,0,17695100,1026000,13600,2000,1000,1845014875,2732624700
136,2015/11/20,10,17,24,27,30,33,37,18,31,0,12,138,7501,120568,211203,0,10716600,1304600,14000,2100,1100,2222533760,2837073300
137,2015/11/27,13,19,21,25,27,32,35,16,20,1,25,192,8883,128611,209643,800000000,5282900,963000,12200,2000,1100,1820523185,2913688500
138,2015/12/04,02,05,17,20,21,32,33,30,35,1,9,154,6562,105002,177272,800000000,13318500,1089600,15000,2300,1200,1370182325,2644411200
139,2015/12/11,09,16,18,21,23,34,35,04,36,0,10,143,7128,111609,201359,0,11434100,1119400,13100,2000,1000,1712940710,2522505300
140,2015/12/18,03,11,12,13,17,26,35,01,33,0,5,141,8119,130651,217378,0,24262700,1204500,12200,1800,1000,2074538935,2676328500
141,2015/12/25,02,10,18,30,31,32,36,21,29,1,6,161,7645,122514,210961,800000000,22037800,1149700,14200,2100,1100,1672001745,2917081800
142,2016/01/08,06,12,14,18,21,27,28,01,33,0,20,180,9004,142612,245135,0,6745000,1049200,12300,1900,1000,2060628715,2976066600
143,2016/01/15,01,03,08,14,28,29,33,04,31,0,18,218,10077,147524,235436,0,7204200,832700,10500,1700,1000,2444749620,2860800900
144,2016/01/22,02,09,13,18,22,32,36,17,26,1,21,249,10143,147247,245690,800000000,6503100,767800,11000,1800,1000,2050454225,3012798900
145,2016/01/29,10,12,18,28,29,30,35,04,19,0,18,194,9476,139105,234198,0,6993600,908400,10900,1800,900,2433616350,2777182500
146,2016/02/05,04,10,25,27,28,33,34,15,35,1,11,160,8350,136343,239815,800000000,12190200,1173200,13100,1900,1000,2034765345,2958233100
147,2016/02/12,01,05,07,12,15,24,25,08,14,2,18,198,10536,150535,235286,800000000,6995700,890300,9800,1600,900,826803760,2778014700
148,2016/02/19,01,09,11,16,20,30,34,12,33,0,15,117,6038,103270,179666,0,7948400,1426600,16200,2300,1200,1173362780,2630295600
149,2016/02/26,01,04,15,19,22,23,31,12,32,1,8,160,7774,121130,192840,800000000,14895800,1042600,12500,1900,1100,730966110,2628959400
150,2016/03/04,06,07,14,20,27,31,34,11,24,1,12,171,6898,105383,181216,800000000,9273400,911000,13200,2100,1100,256955660,2454993000
151,2016/03/11,09,10,13,15,21,22,24,04,08,0,9,97,5598,95911,194859,0,11155700,1449000,14700,2100,900,553668980,2214987600
152,2016/03/18,08,12,17,21,23,24,31,06,07,1,17,130,7742,116837,197700,800000000,6175600,1130500,11100,1800,900,69792960,2316104400
153,2016/03/25,07,09,10,16,20,28,37,02,33,1,12,115,5753,91889,158231,362456100,7885800,1152000,13500,2000,1000,0,2087660700
154,2016/04/01,02,04,19,21,24,28,35,03,13,1,15,127,5988,92287,163911,257297800,5671400,937700,11600,1800,900,0,1876786800
155,2016/04/08,02,09,13,18,22,24,26,10,37,1,11,161,6403,88855,138643,251995000,7583900,725400,10700,1900,1000,0,1840415400
156,2016/04/15,04,09,16,19,22,33,34,17,36,1,5,138,5663,82668,131839,259663500,16995300,862000,12300,2000,1100,0,1874688600
157,2016/04/22,05,09,16,26,28,29,32,01,37,0,6,112,4754,80218,129228,0,13780700,1033500,14200,2000,1100,252322715,1824116700
158,2016/04/29,03,06,07,30,32,36,37,05,20,1,7,109,4614,84564,141718,535280700,13303800,1196100,16500,2200,1100,0,2054491500
159,2016/05/06,10,14,17,21,23,27,31,16,24,0,5,127,5520,83349,127314,0,15896900,876100,11800,1900,1100,234794530,1753529400
160,2016/05/13,01,02,08,24,32,36,37,23,33,2,5,94,6795,87158,151192,255795700,18657900,1389400,11200,2100,1100,0,2058082500
161,2016/05/20,08,14,17,18,20,22,34,04,30,0,6,69,4314,70156,128448,0,13320500,1621600,15200,2300,1100,233401615,1763198700
162,2016/05/27,02,07,08,12,14,23,27,06,10,1,15,156,8086,112419,178019,500555900,6029500,811600,9100,1600,900,0,1995281100
163,2016/06/03,01,02,06,16,28,30,31,03,07,1,7,118,5118,79064,150062,237793900,11300600,938500,12600,2000,900,0,1745137200
164,2016/06/10,03,13,20,23,31,35,36,02,11,0,4,92,4328,67249,127590,0,19067900,1160600,14400,2300,1000,229558135,1682646300
165,2016/06/17,09,11,14,15,16,18,27,06,20,0,3,96,5542,100873,163858,0,32554300,1424200,14400,1900,1000,529403390,2154561900
166,2016/06/24,14,20,27,29,30,31,37,23,34,0,9,103,5210,90495,159868,0,11749100,1437200,16600,2300,1200,838919740,2332791000
167,2016/07/01,01,03,05,07,10,26,36,19,37,2,16,175,8295,126796,199765,596966700,7293200,933500,11500,1800,1000,0,2574350400
168,2016/07/08,03,09,12,14,19,20,36,02,05,0,8,96,4707,79672,142639,0,10278400,1199100,14300,2000,1000,249683290,1814038200
169,2016/07/15,01,05,10,20,21,28,30,25,26,0,9,145,7713,101092,143001,0,10458600,908800,10000,1800,1100,541842255,2076575700
170,2016/07/22,03,05,06,09,27,32,36,12,24,1,9,126,7099,111780,198470,800000000,11318500,1131800,11700,1800,900,45774325,2247312600
171,2016/07/29,01,02,06,21,23,27,28,11,16,1,6,112,5675,94440,169580,308533500,14778000,1108300,12800,1900,900,0,1956121800
172,2016/08/05,05,20,21,27,30,31,36,09,26,1,10,143,5836,82221,134057,229139600,7737500,757500,10800,1900,1000,0,1706984100
173,2016/08/12,07,09,19,22,24,27,30,04,28,0,9,96,4599,76223,151261,0,8179800,1073500,13100,1900,800,228099815,1624118700
174,2016/08/19,10,13,14,15,23,31,32,04,29,3,7,109,5268,86852,160305,170269900,13318400,1197400,14500,2100,1000,0,2056746000
175,2016/08/26,06,17,21,31,33,35,37,14,18,0,3,93,4005,70659,124654,0,26441700,1194100,16200,2200,1100,239677540,1750009200
176,2016/09/02,01,11,12,17,22,30,35,15,16,0,5,89,5367,87754,148588,0,18978800,1492600,14500,2100,1100,528455810,2093478600
177,2016/09/09,09,15,19,23,25,34,36,02,35,1,9,142,6691,108184,184822,800000000,11551700,1025000,12700,1900,1000,35718160,2293611000
178,2016/09/16,06,09,11,15,26,34,36,13,37,0,8,93,5206,84160,137192,0,11013900,1326300,13900,2100,1100,298979855,1943843100
179,2016/09/23,04,09,12,13,22,26,36,05,33,1,8,150,6573,100985,168946,581403600,11980000,894400,11900,1900,1000,0,2114355600
180,2016/09/30,01,08,11,21,23,25,28,05,37,0,14,109,5735,89930,153913,0,5721300,1028700,11400,1800,900,237187815,1767086700
181,2016/10/07,07,08,10,13,19,23,24,15,27,0,7,130,6491,102655,189360,0,13205000,995400,11600,1800,800,521445450,2039238300
182,2016/10/14,01,07,10,11,20,23,30,03,37,0,28,203,9719,117841,189068,0,3682100,711000,8700,1700,900,842496950,2274510000
183,2016/10/21,06,15,20,26,33,34,37,19,29,0,5,113,5827,98227,175010,0,23089700,1430300,16200,2300,1200,1181212000,2546931000
184,2016/10/28,07,14,18,22,23,26,34,02,32,1,28,256,9419,127958,204874,800000000,4463800,683500,10800,1900,1100,751867760,2757388800
185,2016/11/04,01,02,04,16,26,29,34,11,12,0,6,100,5587,96090,194575,0,18419400,1547200,16200,2300,1000,1077699135,2438131500
186,2016/11/11,05,14,16,19,31,33,37,21,28,0,9,109,6212,101630,189498,0,12858400,1486300,15300,2300,1100,1411599250,2553050700
187,2016/11/18,04,06,10,23,24,32,36,15,31,2,13,206,8657,135560,231695,800000000,9624600,850300,11800,1800,900,198771140,2760310200
188,2016/11/25,06,15,19,25,26,30,31,14,18,1,4,112,5621,93300,158624,478206800,24214600,1210700,14100,2100,1100,0,2136811200
189,2016/12/02,03,07,08,10,18,23,35,01,19,2,8,126,6418,98944,157885,123108600,10370900,921800,10600,1700,900,0,1830363300
190,2016/12/09,02,11,12,18,21,33,36,08,34,1,12,105,5065,83879,144610,240259100,6759300,1081400,13100,1900,1000,0,1789443000
191,2016/12/16,08,15,21,24,26,27,29,07,30,0,4,94,4653,76562,137587,0,20202500,1203500,14200,2100,1000,243867070,1782768600
192,2016/12/23,12,13,14,19,25,33,34,03,22,0,12,118,5960,92178,163402,0,7783800,1108100,12800,2000,1000,522955095,2060656500
193,2016/12/30,04,06,20,21,22,24,31,09,10,0,9,113,6037,100444,193019,0,12021800,1340400,14700,2100,1000,844728055,2386954800
194,2017/01/06,03,06,27,30,31,32,36,14,23,0,6,130,6171,96460,189955,0,16169400,1044700,12900,2000,900,1131549130,2140297500
195,2017/01/13,04,07,12,20,23,24,31,26,35,4,11,229,8965,131305,199956,371873100,10556800,709900,10600,1700,1000,0,2561864100
196,2017/01/20,07,13,15,25,30,32,37,08,14,0,11,113,4792,76951,143940,0,7321700,997800,13800,2100,1000,234599870,1776792600
197,2017/01/27,06,08,10,12,16,21,28,14,23,0,10,163,7271,109584,183425,0,9519200,817500,10700,1700,900,522001970,2100048000
198,2017/02/03,18,21,31,32,33,36,37,05,25,0,5,92,7830,97289,185503,0,23983300,1824700,12500,2500,1100,879541410,2645509200
199,2017/02/10,01,09,17,20,22,28,29,13,16,2,22,259,11394,147540,230618,636223100,6022200,716100,9500,1800,1000,0,2922880200
200,2017/02/17,13,14,17,21,27,28,34,01,11,4,12,134,6075,94341,152630,67987600,7805300,978500,12600,2000,1100,0,2066340300
201,2017/02/24,08,11,17,24,28,31,32,12,34,1,10,134,6540,96493,156259,263734200,8851000,924700,11100,1800,1000,0,1952654400
202,2017/03/03,03,07,11,16,22,34,37,29,32,1,18,145,6040,89056,133997,254364500,4726500,821400,11500,1900,1100,0,1876905900
203,2017/03/10,06,13,17,22,32,33,36,12,28,1,9,106,5225,80052,147130,236902300,9011200,1071100,12700,2000,1000,0,1789180500
204,2017/03/17,05,19,20,21,30,34,36,07,12,0,4,100,4310,68340,129597,0,19529000,1093600,14800,2300,1000,237457480,1723334400
205,2017/03/24,04,05,19,31,35,36,37,27,32,0,5,102,4969,84038,141768,0,17824400,1223200,14700,2100,1100,502863990,1966141800
206,2017/03/31,01,06,07,11,27,35,36,22,26,2,10,127,6385,103019,174481,405262500,10099400,1113300,12900,1900,1000,0,2228061600
207,2017/04/07,04,05,10,13,28,32,33,19,26,0,6,96,4637,77499,134173,0,13070000,1143600,13800,2000,1000,237151340,1730041200
208,2017/04/14,04,13,16,18,22,26,33,27,29,2,11,148,6161,94473,164238,265859700,8775000,913000,12800,2000,1000,0,2129470800
209,2017/04/21,03,04,06,13,22,31,36,28,34,2,6,148,6497,95571,161235,126470700,13920600,790000,10500,1700,900,0,1842635100
210,2017/04/28,02,04,06,11,15,19,36,23,34,3,13,94,5601,90046,158042,81938200,6308500,1221400,12000,1800,900,0,1809265200
211,2017/05/05,07,15,22,25,31,32,35,29,36,0,1,87,4147,66654,120393,0,73468200,1182200,14500,2200,1100,213835550,1620795000
212,2017/05/12,04,06,10,19,20,24,29,01,27,1,4,111,5279,85435,147792,485279600,22301000,1125000,13800,2100,1000,0,1967952900
213,2017/05/19,05,13,15,18,19,24,35,20,23,1,5,101,4498,75550,124267,221975000,15193000,1052900,13800,2000,1100,0,1675886700
214,2017/05/26,02,06,09,12,31,36,37,03,22,0,6,89,4596,77756,145323,0,12438700,1173900,13300,1900,900,222151090,1646476200
215,2017/06/02,11,12,13,21,29,36,37,07,09,0,8,113,4689,77519,163313,0,10580500,1048600,14800,2200,900,472406545,1867359900
216,2017/06/09,09,14,22,24,25,36,37,08,28,0,5,91,5417,88057,162975,0,18713100,1439400,14100,2100,1000,752459005,2064172800
217,2017/06/16,04,06,26,27,28,35,36,24,34,3,20,276,9882,135795,208907,366089300,5592700,567300,9200,1600,900,0,2467645500
218,2017/06/23,15,16,17,21,26,29,30,10,34,0,7,82,4421,69813,125932,0,11201900,1338700,14500,2200,1100,234051170,1729902600
219,2017/06/30,06,09,13,14,21,25,31,02,04,1,14,137,6501,101087,172660,499890800,6420600,918500,11300,1800,900,0,1983054300
220,2017/07/07,07,09,11,18,25,28,35,20,27,1,9,114,5346,84172,138540,226348000,8553300,945300,11800,1800,1000,0,1698276300
221,2017/07/14,01,02,09,11,17,30,35,13,36,0,8,72,4630,72256,123286,0,9252000,1439100,13100,2000,1000,228713890,1632880200
222,2017/07/21,03,09,18,21,23,27,29,35,37,2,6,127,6133,91984,144651,237488900,13828300,914600,11100,1800,1000,0,1830414600
223,2017/07/28,10,13,19,21,26,33,34,24,25,0,8,99,4669,70043,114037,0,8981800,1016100,12600,2000,1100,216537490,1585204200
224,2017/08/04,02,04,07,10,12,29,34,01,21,0,12,115,5595,86363,143418,0,6787900,991600,11900,1900,1000,455617240,1797015000
225,2017/08/11,13,15,17,18,20,21,26,25,29,0,9,72,4625,70339,129322,0,9488100,1660300,15100,2400,1200,704586110,1883868600
226,2017/08/18,12,17,21,24,26,30,32,10,22,2,8,160,5907,93387,153889,498775500,12725800,890700,14100,2200,1200,0,2245978200
227,2017/08/25,02,03,07,09,22,23,26,29,30,1,6,110,5230,81676,130062,211728100,12142600,927200,11400,1800,1000,0,1607281200
228,2017/09/01,06,11,14,21,24,28,31,22,36,1,14,135,5511,84921,146739,220207500,5378700,780800,11200,1800,900,0,1661252100
229,2017/09/08,02,03,09,30,33,36,37,01,32,0,4,70,3954,67218,113978,0,18376700,1470100,15200,2200,1100,219972905,1621650900
230,2017/09/15,03,05,08,15,22,25,27,18,31,0,8,132,7069,103336,158735,0,10739600,911200,9900,1600,900,488540220,1895432700
231,2017/09/22,04,15,18,24,25,34,36,10,26,0,5,128,5906,93003,153999,0,18672100,1021100,12900,2000,1100,759728850,2059649400
232,2017/09/29,02,04,07,09,15,35,37,10,23,1,12,153,7395,117395,214357,1000000000,9296200,1020700,12300,1900,900,92542530,2461034400
233,2017/10/06,03,13,17,25,26,27,29,08,37,0,8,103,5288,90228,160585,0,10725400,1166200,13300,1900,900,352144450,1892919600
234,2017/10/13,07,14,15,16,23,25,30,05,34,0,7,119,6310,98933,169649,0,13471100,1109300,12200,1900,1000,627381835,2080323300
235,2017/10/20,02,09,13,18,21,33,34,03,11,2,7,203,7726,107778,179818,465949400,14675800,708400,10900,1900,1000,0,2266361100
236,2017/10/27,19,22,23,34,35,36,37,10,30,0,6,111,4721,75308,113751,0,12589100,952600,13100,2000,1200,219639955,1666389900
237,2017/11/03,03,04,07,19,20,21,29,08,33,1,11,127,6148,94907,165076,495540900,8194800,993600,12000,1900,900,0,1988663700
238,2017/11/10,03,21,26,33,34,35,37,23,31,1,5,58,3900,69076,110077,221756400,15076200,1819500,15800,2200,1200,0,1662995700
239,2017/11/17,08,13,17,21,23,28,37,01,14,2,10,83,4447,76039,126613,108367000,7272000,1226500,13400,1900,1000,0,1604290200
240,2017/11/24,09,12,14,24,29,31,35,05,30,0,7,91,4401,71616,124083,0,10047300,1082000,13100,1900,1000,211619725,1551598500
241,2017/12/01,05,11,12,19,21,26,28,04,20,0,13,123,5635,86968,145057,0,6352500,939900,12000,1900,1000,455355365,1821871200
242,2017/12/08,01,05,13,17,31,32,35,19,24,0,9,95,5229,83427,150343,0,10182000,1350400,14300,2200,1100,721477315,2021643000
243,2017/12/15,06,09,13,18,20,22,30,11,14,2,11,128,6642,105269,180325,517917800,9559600,1150100,13000,2000,1000,0,2319857400
244,2017/12/22,02,09,17,22,32,34,36,11,12,1,7,109,4719,72293,129238,228504900,10852200,975600,13200,2100,1000,0,1675899600
245,2017/12/29,02,08,09,11,24,26,27,07,36,2,12,157,6149,93255,160222,117494400,6681100,714900,10700,1700,900,0,1768731300
246,2018/01/05,03,06,09,19,23,25,31,21,36,1,8,102,4759,70956,118023,190480600,7775400,853700,10700,1700,900,0,1372285500
247,2018/01/12,10,12,13,16,34,35,36,11,37,0,8,75,3817,62163,117489,0,8744900,1305800,15000,2200,1000,215130950,1543395000
248,2018/01/19,01,05,06,22,25,27,31,12,18,1,12,89,5288,84474,158212,486799200,7244300,1367400,13500,2000,900,0,1917834000
249,2018/01/26,09,20,28,29,31,34,37,05,25,0,3,99,3503,60041,106364,0,24094600,1022100,16900,2400,1200,213193135,1594668300
250,2018/02/02,05,09,10,13,26,30,34,18,23,1,15,110,5706,87003,147994,474586400,5711200,1090300,12300,1900,1000,0,1889950800
251,2018/02/09,01,15,20,26,28,34,37,23,30,1,2,76,3459,59358,105067,312906800,25915900,954700,12300,1700,1200,0,1570734600
252,2018/02/16,08,23,24,25,27,30,31,11,17,1,4,83,4412,70825,131904,316752000,12826500,865300,9500,1400,900,0,1554801300
253,2018/02/23,06,07,09,12,15,17,24,26,29,1,4,98,5391,80979,133405,309164300,12622700,721200,7600,1200,900,0,1530096900
254,2018/03/02,01,12,14,18,23,24,31,07,26,0,3,59,3838,65858,125175,0,16800700,1195900,10700,1500,1000,301344395,1527407100
255,2018/03/09,01,04,11,13,15,21,32,05,10,2,5,83,4473,80800,142503,334468400,12119600,1022100,11100,1500,1000,0,1836396000
256,2018/03/16,14,21,24,27,30,33,37,19,20,1,3,77,3497,59453,104129,305471000,17000400,927200,11900,1700,1200,0,1545568500
257,2018/03/23,05,15,16,26,27,32,35,23,28,1,11,84,4241,66571,126574,303266300,4621500,847200,9800,1500,1000,0,1540577700
258,2018/03/30,01,03,11,20,23,32,35,25,26,1,5,79,3736,61830,105761,305996000,10008900,886800,11000,1600,1100,0,1516575300
259,2018/04/06,05,06,15,19,22,29,32,04,31,0,8,64,3432,58886,110818,0,6022100,1053800,11500,1600,1000,296865915,1459976700
260,2018/04/13,04,08,12,23,29,31,34,05,06,2,4,163,6620,93834,149269,333667500,14811100,508800,7300,1200,900,0,1795371000
261,2018/04/20,04,14,15,17,21,23,26,07,08,0,7,56,3805,63451,129577,0,7013900,1227400,10500,1500,900,299962625,1487872500
262,2018/04/27,02,06,07,09,19,23,36,05,15,0,14,149,6334,95239,155703,0,4083500,537100,7400,1200,900,641103540,1732508700
263,2018/05/04,01,05,11,16,27,35,36,06,14,0,6,121,5583,85611,141147,0,10029000,696200,8800,1400,1000,1007154715,1823551500
264,2018/05/11,08,13,15,17,21,26,29,04,24,0,23,196,8103,112727,193807,0,3183500,523000,7400,1300,900,1449029430,2218970700
265,2018/05/18,12,13,15,19,21,24,36,10,37,2,9,166,6858,115664,181981,973273800,9164300,695500,9800,1400,1100,0,2499482400
266,2018/05/25,06,11,15,17,20,27,32,16,22,0,3,84,3986,65358,107711,0,17184400,859200,10600,1600,1100,313999575,1562293500
267,2018/06/01,08,13,18,20,23,25,26,06,28,0,10,82,4991,84759,154705,0,6591600,1125300,10800,1500,1000,718966520,1997564100
268,2018/06/08,04,05,09,15,29,31,33,26,27,1,6,135,6894,108858,197196,1000000000,12371700,769700,8800,1300,900,173451955,2249520300
269,2018/06/15,01,09,15,24,31,33,36,02,26,1,5,125,5556,87230,140545,541546300,12376300,693000,9100,1400,1100,0,1875293400
270,2018/06/22,01,02,11,13,15,24,25,26,28,0,8,69,4512,74459,135756,0,6633500,1076700,9600,1400,900,326590330,1608197400
271,2018/06/29,01,09,15,16,19,32,35,14,31,0,8,88,4611,76077,132456,0,7961400,1013200,11300,1600,1200,709520700,1930128600
272,2018/07/06,02,05,08,15,18,26,31,19,25,2,8,147,8328,108405,169711,565988400,8794000,670000,6900,1300,1000,0,2131997400
273,2018/07/13,13,15,21,23,26,32,34,05,09,2,396,190,7181,81640,146385,163912900,131500,383700,5900,1200,800,0,1578326400
274,2018/07/20,09,14,21,23,25,26,37,07,29,0,5,54,4093,70124,117691,0,9848700,1276600,9800,1400,1000,297380135,1492302300
275,2018/07/27,08,09,15,19,24,25,35,34,37,0,14,133,6531,94999,135106,0,4188400,617200,7300,1200,1000,659517715,1776986400
276,2018/08/03,03,06,12,17,22,34,35,02,33,1,7,159,6399,94774,151327,1000000000,9668700,595900,8600,1400,1100,65883635,2051043600
277,2018/08/10,06,07,09,11,21,23,25,01,22,0,12,129,5833,90448,147333,0,4532500,590200,7600,1200,900,391610110,1648267500
278,2018/08/17,06,09,14,21,23,33,36,27,28,0,5,142,6793,103978,167042,0,12638600,623000,7600,1200,900,774981360,1915041000
279,2018/08/24,07,11,15,17,19,23,31,09,37,0,12,185,8548,117304,210604,0,5937600,539100,6800,1200,800,1208286110,2159253000
280,2018/08/31,04,09,10,11,24,32,35,02,37,0,6,173,7531,116457,186330,0,13162000,639000,8600,1300,1000,1693217310,2393202000
281,2018/09/07,01,02,17,19,20,22,26,30,36,1,4,96,5111,89508,163932,1000000000,20471100,1194100,13100,1800,1200,1188572470,2481466800
282,2018/09/14,10,17,18,25,29,35,36,07,14,1,8,112,5643,97856,175263,1000000000,9824400,982400,11400,1600,1100,658065950,2381792400
283,2018/09/21,13,14,15,17,23,29,31,10,19,0,5,117,6559,102728,152967,0,13780800,824400,8600,1300,1100,1074137170,2088105600
284,2018/09/28,06,07,10,25,29,30,33,01,31,0,9,124,6317,103248,174824,0,8583600,872100,10000,1500,1100,1531893985,2341106700
285,2018/10/05,11,15,21,26,30,34,35,04,36,0,11,114,6824,110319,189588,0,7307100,987000,9600,1400,1000,2025575125,2435827200
286,2018/10/12,04,05,14,17,18,29,37,27,31,0,12,151,7138,114717,211324,0,7365100,819400,10100,1500,1000,2563226520,2678345100
287,2018/10/19,02,07,10,20,24,29,34,04,08,0,5,139,7135,120517,229390,0,20004100,1007300,11500,1600,1000,3182905730,3031075800
288,2018/10/26,01,08,09,16,27,32,37,17,31,2,16,253,11152,159113,254099,1000000000,6898600,610700,8100,1400,1000,1856070345,3344972700
289,2018/11/02,02,07,10,12,16,17,34,23,25,1,10,116,8151,126863,237336,1000000000,9272400,1119000,9300,1400,900,1431007375,2809955400
290,2018/11/09,03,13,22,26,31,32,37,29,35,0,7,135,8993,117753,200734,0,12685700,920800,8100,1500,1100,1958591280,2691048900
291,2018/11/16,01,11,18,19,21,29,37,05,15,1,11,147,6914,112385,215531,1000000000,8279400,867300,10800,1600,1000,1511981740,2759944800
292,2018/11/23,12,15,25,26,27,29,35,24,30,0,7,123,6641,115238,194454,0,11727300,934300,10100,1400,1000,2011587545,2487726900
293,2018/11/30,11,13,15,20,27,29,35,01,07,3,13,193,8255,127142,221913,847890100,6877200,648500,8800,1400,1000,0,2709339300
294,2018/12/07,03,04,06,10,14,22,29,28,32,0,6,117,5538,86288,141461,0,9858900,707800,8700,1300,1000,362900105,1792626900
295,2018/12/14,04,05,06,08,09,22,32,13,26,0,7,85,5550,91904,170758,0,10043600,1157900,10400,1500,1000,786597795,2130574200
296,2018/12/21,01,08,10,12,18,28,29,25,27,1,14,181,8342,120593,198645,1000000000,5696500,616800,7800,1300,1000,262288165,2416812600
297,2018/12/28,02,03,11,16,23,28,36,08,24,0,29,216,9573,127018,215516,0,2601200,488900,6400,1200,800,723867455,2286040200
298,2019/01/04,01,03,08,11,18,19,22,26,30,0,10,147,6553,92747,141991,0,5834900,555700,7300,1200,1000,1078420555,1768254000
299,2019/01/11,01,06,10,13,16,26,36,28,30,0,11,207,7616,105706,186101,0,7533500,560400,8900,1500,1100,1578585130,2511307500
300,2019/01/18,04,07,21,31,33,34,35,06,12,1,4,172,7409,114350,193635,1000000000,21689100,706100,9600,1500,1100,1097825350,2629101600
301,2019/01/25,04,11,12,25,27,30,33,05,19,0,20,196,8211,122132,209123,0,4144500,592000,8200,1300,900,1614973255,2511960900
302,2019/02/01,08,16,26,27,28,32,34,04,25,0,10,145,7315,116603,198947,0,8611300,831400,9600,1400,1000,2150226005,2609631000
303,2019/02/08,04,07,14,17,21,34,37,10,30,0,11,328,9335,126257,194195,0,8300300,389700,8000,1400,1100,2711152345,2766901200
304,2019/02/15,07,09,10,17,28,33,36,18,23,0,14,167,7790,132072,242136,0,6958200,816600,10200,1400,1000,3299321575,2952113400
305,2019/02/22,06,17,23,24,27,28,31,10,18,1,15,187,9402,154534,262362,1000000000,7062900,793100,9200,1300,1000,2940077565,3210586200
306,2019/03/01,12,13,15,22,25,33,35,01,31,0,8,186,8831,135005,222934,0,12306100,741000,9100,1400,1100,3531756965,2983446000
307,2019/03/08,05,08,15,24,25,32,35,20,26,3,21,297,13086,162254,244004,1000000000,4932300,488200,6500,1200,1000,1171937610,3138938100
308,2019/03/15,05,06,11,15,20,32,33,13,25,0,4,133,6761,110187,205005,0,21951800,924200,10600,1600,1000,1705667655,2660948100
309,2019/03/22,01,07,13,14,16,21,22,18,34,0,9,126,6832,117028,211539,0,9861900,986100,10600,1500,1000,2243542325,2689734600
310,2019/03/29,17,25,26,28,31,32,37,06,09,3,7,110,6651,115353,216558,933583800,12983500,1156600,11200,1500,1000,0,2754219000
311,2019/04/05,09,11,18,24,26,27,37,30,33,0,8,107,5650,88259,146370,0,7563000,791600,8700,1300,1000,369634875,1833559500
312,2019/04/12,01,02,04,18,20,29,34,17,30,1,8,97,5040,83581,152043,793630300,8697900,1004200,11300,1600,1100,0,2108700000
313,2019/04/19,09,13,16,23,28,29,30,01,20,0,5,127,5448,89097,130932,0,12035500,663300,9000,1300,1100,367344040,1823653200
314,2019/04/26,03,06,08,19,32,34,35,12,30,0,13,108,5553,97779,166517,0,5485700,924400,10500,1400,1000,806994855,2161142700
315,2019/05/03,03,11,18,26,30,33,37,28,31,3,5,159,6455,98226,161077,413815400,14069200,619300,8900,1400,1000,0,2131798200
316,2019/05/10,03,09,10,17,30,33,34,06,08,1,12,135,5666,82071,140345,348691900,4827400,600700,8300,1400,1000,0,1755527700
317,2019/05/17,07,08,14,15,16,20,29,18,19,0,4,76,4620,75217,116545,0,14232400,1048600,10100,1500,1200,340388440,1725229200
318,2019/05/24,04,05,10,12,27,34,36,03,14,2,7,140,6908,105569,162780,376602400,9773600,684100,8100,1300,1000,0,2073289200
319,2019/05/31,02,06,14,23,28,31,35,19,27,1,30,226,7223,94033,149658,348796200,1908100,354600,6500,1200,900,0,1734800400
320,2019/06/07,05,06,18,22,26,33,34,36,37,1,7,121,5868,79530,122679,333152300,7832200,634300,7600,1300,1100,0,1661468400
321,2019/06/14,15,24,27,28,29,34,35,09,25,0,9,86,4828,82937,145249,0,6392100,936500,9700,1400,900,352790235,1743390300
322,2019/06/21,01,10,11,21,26,29,30,14,20,2,13,147,7713,101277,152176,389402400,5354100,662800,7400,1300,1100,0,2109287700
323,2019/06/28,11,14,15,21,26,34,36,23,27,1,6,103,4826,77359,146957,355424900,9655800,787400,9800,1500,900,0,1755681300
324,2019/07/05,09,13,16,17,18,19,20,30,36,0,2,97,4121,63156,113947,0,27594700,796500,10900,1700,1200,331147175,1672483500
325,2019/07/12,04,14,17,18,21,31,33,06,20,0,5,97,4977,80144,137151,0,13191000,951900,10800,1600,1200,725726100,1998736500
326,2019/07/19,01,02,17,18,24,27,29,12,32,2,5,103,5032,90286,164592,584295200,14430500,980600,11700,1600,1000,0,2186539500
327,2019/07/26,01,03,13,14,16,30,31,02,17,1,5,95,4617,68651,111898,325927600,10812400,796600,9600,1500,1200,0,1638319800
328,2019/08/02,03,09,10,14,19,24,30,18,21,1,5,114,4490,73061,120577,319467200,10642200,653400,9700,1400,1100,0,1612530900
329,2019/08/09,03,10,19,20,26,28,30,15,25,0,4,89,4430,69036,116797,0,12892800,811200,9500,1500,1100,305395695,1562843100
330,2019/08/16,03,04,10,12,17,18,20,19,32,1,4,120,5435,84712,138394,674889600,15358000,716600,9200,1400,1100,0,1861667100
331,2019/08/23,05,07,11,12,15,18,20,19,30,0,6,126,4999,78083,134724,0,8872000,591400,8700,1300,900,331931710,1613179800
332,2019/08/30,05,07,10,15,24,27,30,03,33,0,10,149,7242,107919,177475,0,6623100,622300,7500,1200,900,732637115,2007120900
333,2019/09/06,01,04,10,11,16,24,34,30,32,0,8,163,7178,109222,177114,0,9777700,671800,8900,1400,1100,1200001505,2370466200
334,2019/09/13,03,07,15,16,30,34,35,08,29,0,7,194,8126,127766,218183,0,12684700,640700,8900,1400,1000,1728403925,2690817600
335,2019/09/20,09,10,17,18,22,25,35,13,14,0,9,195,8483,132338,227897,0,10528600,680200,9100,1400,1000,2302853520,2871581100
336,2019/09/27,09,10,13,21,25,31,33,24,37,0,6,181,8759,142505,236100,0,17333900,804400,9700,1400,1100,2927369975,3151767900
337,2019/10/04,05,07,10,12,14,24,35,11,33,1,15,248,11324,170249,293615,1000000000,7307200,618700,7900,1300,900,2584013245,3321612600
338,2019/10/11,07,09,16,17,23,27,34,15,36,1,19,194,9853,148918,258463,1000000000,5112700,701000,8000,1300,900,2170574545,2943846000
339,2019/10/18,11,15,18,20,23,25,32,09,37,1,11,145,7414,120717,219031,1000000000,8388400,890800,10200,1500,1000,1731734285,2796283200
340,2019/10/25,06,14,17,26,27,30,36,12,28,1,10,138,7307,115794,208956,1000000000,8665400,879000,9700,1500,1000,1251961575,2626018200
341,2019/11/01,04,11,17,27,29,31,36,19,24,1,28,160,7811,124104,219507,1000000000,3169000,776300,9300,1400,1000,783163535,2688970800
342,2019/11/08,03,06,24,28,32,35,36,04,08,0,6,160,7572,118568,208744,0,13918200,730600,9000,1400,900,1299561660,2530702500
343,2019/11/15,17,19,22,29,30,31,32,11,16,0,7,86,5697,97660,187577,0,12200200,1390200,12300,1700,1100,1816792475,2588042700
344,2019/11/22,11,19,28,29,31,32,37,12,21,0,9,128,7088,112169,184062,0,9436100,928800,9800,1500,1100,2330925355,2573618400
345,2019/11/29,06,09,10,18,28,31,32,24,35,1,13,166,7785,127276,220771,1000000000,6971600,764300,9500,1400,1000,1876447595,2746537200
346,2019/12/06,11,16,18,23,30,31,35,03,27,1,8,152,7411,116307,221320,1000000000,10549100,777200,9300,1400,900,1393851380,2557491300
347,2019/12/13,03,06,11,13,18,20,34,25,35,0,3,138,6617,114754,201919,0,28386700,863900,10500,1500,1000,1907271955,2580727500
348,2019/12/20,02,05,17,18,19,20,33,01,24,0,8,157,8482,124300,212396,0,11401900,813300,8800,1400,1000,2471218605,2764239000
349,2019/12/27,04,10,11,15,18,22,34,16,32,2,12,235,10738,158812,243446,1000000000,8744800,625100,8000,1300,1000,1114611465,3180076800
350,2020/01/10,10,19,21,23,24,30,37,02,28,0,5,121,6766,112411,206560,0,18728900,1083400,11300,1600,1100,1683375425,2837842800
351,2020/01/17,08,13,17,19,23,25,28,05,16,1,17,191,8478,130438,218272,1000000000,5252200,654400,8600,1300,1000,1225967125,2705826000
352,2020/01/24,03,04,14,18,26,30,32,28,34,2,13,167,7868,121713,207726,886941800,6928800,755100,9400,1500,1000,0,2729661000
353,2020/01/31,11,15,22,23,24,29,33,19,34,1,6,132,6959,97058,157583,386956000,10732300,682900,7600,1300,1000,0,1951421100
354,2020/02/07,01,02,08,10,13,25,31,23,35,0,8,127,6239,91415,138711,0,7729100,681600,8100,1300,1100,372868110,1873825800
355,2020/02/14,04,06,09,10,23,27,33,14,31,1,12,153,6515,106580,174779,798697400,5911600,649100,8900,1300,1000,0,2149771800
356,2020/02/21,04,16,20,30,33,34,36,19,21,1,6,70,3631,65274,121276,359572000,9961300,1195300,13500,1800,1200,0,1811230500
357,2020/02/28,05,08,12,13,14,24,30,27,35,0,10,105,5414,86659,150754,0,5953800,793800,9000,1300,900,371973830,1804271400
358,2020/03/06,05,13,14,26,32,33,34,08,11,0,7,119,5902,88702,161037,0,10038100,826600,9700,1600,1000,801365640,2129407800
359,2020/03/13,04,07,11,17,19,26,35,01,24,1,12,174,8048,124609,207525,1000000000,6601900,637400,8000,1200,900,290916085,2400818100
360,2020/03/20,09,11,13,14,20,22,37,15,17,0,8,88,4676,81988,151412,0,8665100,1102800,12100,1700,1100,707367235,2100735000
361,2020/03/27,05,09,16,20,29,33,35,02,08,1,7,110,5816,97576,176827,1000000000,11398400,1015400,11200,1600,1100,188195440,2417958900
362,2020/04/03,04,07,08,14,22,24,27,13,26,1,8,160,7457,111255,181273,616130500,8690600,608300,7600,1200,900,0,2106917400
363,2020/04/10,13,15,17,22,26,34,36,03,19,1,7,135,5237,78546,131595,350725000,8122100,589500,8900,1400,1000,0,1722957600
364,2020/04/17,03,09,10,14,16,20,27,19,33,0,4,96,5078,77996,131596,0,13281900,774700,8500,1300,1000,320852305,1610010900
365,2020/04/24,01,04,13,14,16,22,35,10,23,0,4,79,4806,74823,126609,0,13698900,971000,9300,1400,1000,660538520,1660550700
366,2020/05/01,10,24,25,26,27,33,36,04,23,0,4,79,4104,67535,126618,0,13274200,940900,10600,1500,1000,985770885,1609073700
367,2020/05/08,08,14,19,20,29,30,31,07,35,0,9,102,4862,75636,128128,0,6356300,785100,9600,1500,1100,1327551715,1733639400
368,2020/05/15,07,08,09,13,21,34,35,03,20,0,8,143,6742,105147,171958,0,8791700,688500,8500,1300,1000,1751951140,2131432500
369,2020/05/22,01,07,09,11,15,31,34,06,33,0,5,162,7659,120115,200556,0,16734800,723000,8900,1400,1000,2255335210,2535702600
370,2020/05/29,07,10,16,25,26,33,34,24,35,0,12,193,8425,136361,229546,0,8162000,710400,9500,1400,1000,2855462700,2968150200
371,2020/06/05,01,03,04,08,11,21,25,12,23,2,17,263,10712,156650,272106,1000000000,6278700,568100,8100,1300,900,1519597420,3234645600
372,2020/06/12,06,08,22,23,32,33,36,09,27,1,11,142,7720,119368,220175,1000000000,8192000,888400,9500,1500,1000,1059631065,2730812100
373,2020/06/19,02,03,17,18,22,23,31,04,30,0,11,134,8026,124274,208406,0,8060400,926300,9000,1400,1000,1601343530,2686943700
374,2020/06/26,04,05,09,10,18,27,35,15,34,1,10,246,10899,157940,259076,1000000000,9693300,551600,7300,1200,900,1188343675,2937524100
375,2020/07/03,13,15,18,19,23,27,32,34,35,1,23,138,7761,123469,222110,1000000000,3910600,912400,9500,1400,1000,730371255,2725730400
376,2020/07/10,06,11,14,17,23,31,37,10,15,3,9,185,8521,123352,209047,412353200,9345100,636400,8100,1300,1000,0,2548784400
377,2020/07/17,06,07,10,17,25,33,36,27,32,0,5,127,6138,95816,156051,0,13102600,722100,8700,1300,1000,402171575,1985341500
378,2020/07/24,01,05,09,10,14,15,29,20,28,0,12,151,6707,105104,175197,0,6106500,679300,8900,1400,1000,843587990,2220674700
379,2020/07/31,03,08,15,22,24,29,35,18,26,0,18,230,9310,125612,200191,0,4511300,494200,7100,1300,1000,1326515335,2460854100
380,2020/08/07,08,14,24,25,32,34,36,13,16,2,15,150,7801,118016,215179,923347500,5764000,806900,9100,1400,1000,0,2620145100
381,2020/08/14,04,08,25,26,27,31,32,09,22,1,5,115,5407,84842,151506,381063500,12497500,760700,9400,1400,1000,0,1893649200
382,2020/08/21,02,03,05,08,19,22,37,16,28,1,4,129,5782,89293,150505,369188600,15462300,671200,8700,1400,1000,0,1874313900
383,2020/08/28,08,11,15,22,26,28,30,10,20,0,10,145,6176,97501,153383,0,6319700,610100,8400,1300,1000,378153785,1915173300
384,2020/09/04,03,07,15,18,26,30,31,09,33,0,20,190,7883,112856,196135,0,3807600,561100,7900,1300,900,848389185,2307792000
385,2020/09/11,04,12,14,24,29,34,35,05,15,1,12,202,9477,118923,193635,1000000000,6828200,567800,7100,1300,1000,353636415,2483117400
386,2020/09/18,09,19,22,32,35,36,37,07,21,0,6,86,4931,89546,157340,0,12273200,1198700,12200,1600,1100,804624070,2231601900
387,2020/09/25,03,07,13,22,30,32,37,14,15,0,9,124,6062,98008,189963,0,8797100,893800,10700,1600,1000,1282685065,2399345100
388,2020/10/02,01,06,08,10,18,21,32,13,28,0,11,118,6967,116250,206896,0,8005900,1044800,10300,1500,1000,1819256050,2668785300
389,2020/10/09,01,06,11,13,18,24,27,17,23,3,9,228,8544,128735,214659,783897800,9751700,538900,8400,1300,1000,0,2659680300
390,2020/10/16,03,06,19,21,23,26,27,30,34,0,6,111,5177,86684,143274,0,10491400,793900,9900,1400,1000,391476860,1907626800
391,2020/10/23,10,23,27,32,33,35,37,24,26,0,8,108,5193,92949,160194,0,9366400,971300,11800,1600,1100,847273605,2270750100
392,2020/10/30,01,04,06,15,20,22,26,18,21,2,10,139,6569,108197,181718,675744100,8318100,837700,10400,1500,1100,0,2520753000
393,2020/11/06,07,14,15,22,27,30,31,09,32,1,18,173,7173,98663,160022,388842900,3523800,513200,7200,1300,900,0,1922182800
394,2020/11/13,06,10,22,23,27,32,33,08,19,0,27,207,7926,94991,164740,0,2268700,414200,6300,1300,900,366674380,1856348400
395,2020/11/20,01,02,05,20,26,29,32,08,09,3,7,80,4725,83410,180779,270621900,10529500,1289800,12800,1700,1000,0,2233640100
396,2020/11/27,02,03,05,08,16,20,34,26,31,0,7,92,5149,82997,134718,0,8652900,921700,9600,1400,1100,366819660,1835560800
397,2020/12/04,04,12,13,15,21,28,37,07,20,0,15,131,7060,107285,177064,0,4876800,781700,8500,1300,1000,812294860,2216832000
398,2020/12/11,03,04,10,17,20,22,33,01,06,0,9,135,7096,111518,197911,0,8938000,834200,9300,1400,1000,1296202550,2437768200
399,2020/12/18,07,15,19,20,21,33,36,04,10,0,14,137,7501,112970,197889,0,6212300,888700,9500,1500,1000,1834932435,2635683300
400,2020/12/25,04,17,22,28,30,31,35,25,34,0,6,219,9043,135365,219734,0,16604900,636800,9000,1400,1100,2441887750,3019220700
401,2021/01/08,04,05,09,14,18,30,35,01,33,0,6,173,9392,157204,263431,0,18702000,908000,9800,1400,1000,3127268000,3400521000
402,2021/01/15,07,09,12,17,20,26,29,04,13,0,11,199,8946,139603,253104,0,9424800,729300,9500,1500,1000,3744761225,3141760500
403,2021/01/22,02,06,08,12,19,20,29,05,26,0,16,209,10493,160099,277426,0,7034600,753900,8800,1400,1000,4415642950,3410896500
404,2021/01/29,04,08,13,16,25,30,32,09,26,1,19,338,12289,177419,299495,1000000000,6435200,506400,8100,1300,1000,4159928850,3705330000
405,2021/02/05,03,10,16,17,24,32,36,11,29,1,40,265,11201,160364,279209,1000000000,2839700,600000,8300,1400,1000,3839676215,3442271700
406,2021/02/12,01,02,05,16,18,21,29,24,25,0,9,140,8035,132750,234763,0,11590300,1043100,10600,1500,1100,4469314595,3161156400
407,2021/02/19,19,21,25,26,28,30,31,09,16,0,9,140,7275,130052,236344,0,11974300,1077600,12100,1600,1100,5124236005,3265873800
408,2021/02/26,16,18,19,21,29,30,35,14,28,0,17,201,8976,143898,239143,0,6668900,789600,10300,1500,1100,5826847840,3435666300
409,2021/03/05,13,15,16,24,30,31,37,12,33,2,12,209,9617,149678,250298,1000000000,9712400,780700,9900,1500,1100,4541466095,3531969900
410,2021/03/12,01,02,18,21,26,29,37,09,36,0,12,151,8484,128783,234655,0,9016600,1003100,10400,1700,1100,5192036460,3278939700
411,2021/03/19,04,11,12,21,23,27,36,09,14,1,22,239,11396,168943,296752,1000000000,5005100,644900,7900,1300,900,4852667870,3336901800
412,2021/03/26,14,20,22,29,31,33,34,15,24,0,16,174,9577,139977,230790,0,6660200,857300,9100,1500,1100,5499152315,3229340100
413,2021/04/02,03,10,16,18,19,34,35,27,36,1,14,187,9545,155215,270403,1000000000,8438000,884400,10100,1500,1000,5226989110,3579959100
414,2021/04/09,03,08,16,21,25,36,37,14,20,1,20,213,9472,143262,233701,1000000000,5285900,694800,9100,1400,1100,4871127215,3203736900
415,2021/04/16,04,08,12,13,23,32,37,16,35,6,17,200,9672,150747,253869,916445700,6169300,734100,8900,1400,1000,0,3178312800
416,2021/04/23,08,09,10,15,16,30,31,29,36,1,10,161,7094,106925,175578,429819100,7142100,621000,8200,1300,1000,0,2164383300
417,2021/04/30,04,05,13,18,23,27,32,09,11,2,18,137,7439,102586,186587,209683200,3842300,706700,7600,1300,900,0,2095938300
418,2021/05/07,10,13,17,18,22,28,37,01,20,1,5,89,4923,81754,132113,389059300,13020600,1024000,10800,1600,1200,0,1972908300
419,2021/05/14,03,11,14,21,26,29,34,22,33,2,4,146,6512,92017,152031,190298900,15874700,608800,8000,1400,1000,0,1924294200
420,2021/05/21,04,05,11,13,24,32,34,02,03,0,7,85,5018,83656,140942,0,8680800,1000800,9900,1400,1000,375095330,1841483400
421,2021/05/28,09,15,18,26,28,32,37,21,36,0,6,120,6058,94384,157399,0,11596300,811700,9400,1400,1100,794723940,2108515800
422,2021/06/04,01,09,21,23,30,35,36,05,06,0,8,206,7074,97729,173131,0,9103000,494900,8400,1500,1000,1233906425,2206893300
423,2021/06/11,01,07,09,11,29,31,32,02,06,2,11,122,7194,112047,192350,849866300,7015200,885500,8800,1300,1000,0,2338539600
424,2021/06/18,05,06,12,19,25,30,35,26,33,0,17,144,6349,95292,153959,0,3807700,629300,8300,1300,1000,396864750,1961667000
425,2021/06/25,02,09,14,20,22,34,35,07,24,0,6,138,5493,88916,159744,0,12027500,732000,10700,1600,1100,831040900,2186925000
426,2021/07/02,01,02,06,08,30,31,33,13,35,1,5,121,5774,104229,176644,1000000000,16047800,928300,11400,1500,1100,316221110,2431597800
427,2021/07/09,11,13,26,27,31,33,37,09,18,2,10,122,5752,97154,183235,383434200,7307100,838500,10400,1500,900,0,2214396900
428,2021/07/16,03,06,16,22,31,34,35,24,32,0,2,100,4776,78859,134265,0,30630300,857600,10500,1500,1100,372261370,1856466600
429,2021/07/23,06,11,14,27,30,32,35,18,24,0,15,132,6151,92298,162590,0,4534800,721400,9000,1400,1000,789467390,2061375600
430,2021/07/30,02,12,17,24,28,30,32,03,27,0,8,133,6783,104881,175085,0,9329400,785600,9000,1400,1000,1245188435,2261792100
431,2021/08/06,07,11,12,17,19,20,26,02,03,0,14,110,7134,107170,200427,0,5654000,1007400,9100,1400,900,1739327690,2398779900
432,2021/08/13,05,10,13,24,29,30,35,21,31,0,12,159,7355,116284,205507,0,6875000,726400,9200,1400,1000,2230422760,2500140600
433,2021/08/20,14,17,20,25,32,33,36,10,34,3,5,208,7787,115046,186504,924772200,18051800,607500,9500,1500,1200,0,2735251800
434,2021/08/27,10,11,12,17,29,34,37,26,30,1,10,116,5217,84556,150152,380539500,6231100,752000,9800,1400,1000,0,1888310100
435,2021/09/03,03,05,07,11,15,17,25,13,32,1,17,183,7126,99874,148388,381436800,3665700,476700,7100,1200,1000,0,1888491600
436,2021/09/10,05,06,21,22,26,31,32,18,36,1,7,82,4061,74584,139501,369299700,8803000,1052000,12400,1600,1100,0,1867392600
437,2021/09/17,08,10,14,15,23,25,26,01,11,2,7,95,4828,80324,146799,179193600,8580100,885000,10200,1500,1000,0,1820119200
438,2021/09/24,04,13,16,21,32,34,37,27,33,2,7,197,5374,79677,138136,178941700,8440000,419800,9000,1500,1000,0,1790403600
439,2021/10/01,01,03,06,09,26,29,31,14,18,4,8,143,6080,91170,153997,88576400,7335600,574500,7900,1300,900,0,1778431800
440,2021/10/08,05,10,17,18,19,22,32,14,35,0,4,89,4718,78846,134203,0,14358600,903400,9900,1400,1000,354102975,1740523500
441,2021/10/15,15,21,22,23,27,28,37,08,25,0,8,103,5503,90085,158968,0,8588600,933800,10200,1500,1000,775975100,2082196500
442,2021/10/22,06,13,14,16,19,30,32,25,36,0,12,90,5564,96830,174526,0,6279000,1172000,11100,1500,1000,1241142145,2283392100
443,2021/10/29,01,05,08,26,28,32,36,23,24,1,9,108,6249,109679,206470,1000000000,9471100,1104900,11200,1500,1000,758020130,2583165300
444,2021/11/05,11,15,16,17,18,27,29,25,33,0,19,130,6843,111162,194994,0,4101500,839200,9300,1400,900,1238948930,2361588000
445,2021/11/12,04,22,25,27,28,30,33,02,03,1,8,143,6894,117831,207372,1000000000,11093600,868800,10500,1500,1000,779732175,2689502100
446,2021/11/19,01,07,09,12,15,29,32,11,28,1,15,157,7985,120075,212024,1000000000,5268700,704700,8100,1300,900,256204385,2394973800
447,2021/11/26,03,05,08,13,26,30,37,25,28,0,18,182,7890,113255,182687,0,3943200,545900,7300,1200,900,695878330,2150948100
448,2021/12/03,07,21,24,29,32,36,37,22,27,1,8,127,5855,99083,172637,1000000000,9756100,860300,10900,1500,1100,170579150,2365227600
449,2021/12/10,02,21,26,27,32,33,34,08,09,1,3,98,4671,83683,170223,591586300,23462400,1005500,12300,1700,1000,0,2133046200
450,2021/12/17,02,07,12,15,21,23,30,09,31,0,9,96,5855,91049,166103,0,6873400,902100,8600,1300,900,376930305,1874670900
451,2021/12/24,02,15,22,25,28,33,37,10,17,1,4,96,6319,99065,173320,835216700,19135200,1116200,9900,1500,1100,0,2319533400
452,2022/01/07,05,17,20,21,31,34,35,08,27,3,12,106,5256,86784,157415,139643300,5845400,926400,10900,1600,1100,0,2125721100
453,2022/01/14,02,08,10,21,24,26,35,09,13,1,7,92,5910,84399,158899,392246900,9075300,966700,8800,1500,900,0,1925169000
454,2022/01/21,08,17,21,26,27,29,31,01,33,2,2,83,4926,80565,135336,184610500,29617300,999100,9800,1400,1000,0,1795073100
455,2022/01/28,01,05,08,15,18,26,36,33,34,1,7,120,5411,84271,135713,358799300,8585100,701100,9100,1400,1100,0,1821179700
456,2022/02/04,09,15,17,18,22,25,31,33,36,0,6,123,5498,84291,143919,0,9803400,669400,8700,1400,1000,351220380,1782524400
457,2022/02/11,07,14,19,27,31,35,36,09,33,0,4,156,6114,92737,158458,0,16901700,606700,9000,1400,1000,767606325,2048786100
458,2022/02/18,07,11,12,14,19,21,33,06,37,0,12,117,7029,109832,188961,0,6468500,928800,9000,1400,1000,1233867515,2352310200
459,2022/02/25,02,04,07,08,10,20,29,14,33,2,10,230,8888,124348,190387,876605800,8363400,509000,7700,1300,1000,0,2534500500
460,2022/03/04,05,06,09,23,27,28,30,04,13,2,13,148,6069,94014,167614,185574900,4563200,561100,8000,1200,800,0,1797720600
461,2022/03/11,02,13,19,22,32,35,37,14,33,0,3,83,4496,74309,128410,0,19282900,975700,10500,1500,1100,350130755,1753077900
462,2022/03/18,07,11,24,27,29,34,35,04,18,0,6,133,6434,103904,189153,0,11907300,752000,9100,1300,900,789093935,2165078400
463,2022/03/25,03,07,13,16,19,24,30,06,10,1,8,154,7118,111334,188197,1000000000,9731500,707700,8900,1400,1000,256511440,2359266900
464,2022/04/01,07,08,13,17,30,32,36,01,10,0,8,117,5875,102330,174414,0,9548700,914000,10600,1500,1000,724731120,2314958400
465,2022/04/08,01,04,05,13,27,31,35,15,22,2,13,142,7444,116902,204646,612005700,6252400,801300,8900,1400,900,0,2463204300
466,2022/04/15,05,06,08,14,15,25,29,18,33,1,8,128,5359,88609,152760,371149000,7481800,654600,9100,1300,900,0,1813855200
467,2022/04/22,07,08,11,13,14,26,30,31,34,1,6,179,6731,99161,149425,363023100,9705400,455400,7100,1100,900,0,1764715200
468,2022/04/29,03,12,15,16,25,29,37,26,28,0,5,98,4877,77645,132332,0,11266000,804600,9400,1400,1000,346112810,1707049800
469,2022/05/06,01,06,08,13,16,30,33,23,28,1,13,131,5855,93468,165111,766258900,5286800,734400,9600,1400,1000,0,2082789300
470,2022/05/13,02,03,09,16,27,32,36,01,34,0,6,112,5344,81283,120313,0,9324200,699300,8500,1300,1100,345223985,1695393300
471,2022/05/20,03,05,07,08,11,19,34,17,32,3,11,187,8192,121220,178602,261527700,6397500,526800,7000,1100,900,0,2132602500
472,2022/05/27,05,07,08,32,33,34,36,04,06,0,14,82,4297,75806,129676,0,4049300,967800,10800,1500,1000,347257105,1717998900
473,2022/06/03,06,11,21,24,28,33,37,08,27,0,11,142,5725,93098,172867,0,6335900,687100,9900,1500,1000,761236930,2112076500
474,2022/06/10,03,17,19,21,24,32,34,27,28,0,12,130,6755,106983,194233,0,6815000,880700,9900,1500,1000,1258629865,2478324300
475,2022/06/17,01,02,22,24,26,31,37,12,19,0,5,114,6213,107193,203328,0,18160100,1115000,12000,1700,1100,1798521465,2751660000
476,2022/06/24,04,07,09,15,22,24,31,21,37,1,10,244,10292,152643,230108,1000000000,9773300,560700,7700,1200,1000,1404246345,2961770400
477,2022/07/01,02,05,09,19,25,32,37,07,29,0,12,157,7914,120998,221337,0,7454500,797600,9200,1500,1000,1933822255,2710879800
478,2022/07/08,06,08,11,13,16,20,32,12,34,0,12,156,7836,130318,216219,0,7921900,853100,9900,1400,1000,2525811230,2880835500
479,2022/07/15,08,11,13,18,24,30,31,21,23,1,11,219,9962,149706,240651,1000000000,8936600,628400,8100,1300,1000,2114492070,2979031200
480,2022/07/22,10,13,19,21,26,30,36,22,34,0,9,155,7296,119253,200243,0,10318300,838700,10400,1500,1100,2683003435,2814221700
481,2022/07/29,01,10,13,14,16,25,27,05,21,0,6,118,6897,118307,216994,0,16151700,1149700,11500,1600,1100,3264697670,2936820300
482,2022/08/05,02,05,14,15,17,19,36,08,34,1,9,118,7589,130819,247403,1000000000,11429800,1220400,11100,1500,1000,2892776345,3117385500
483,2022/08/12,02,11,20,23,25,36,37,29,34,1,8,129,6841,111896,190202,1000000000,11551300,1002800,11000,1600,1200,2448680740,2800451100
484,2022/08/19,01,04,06,09,13,22,31,29,30,2,13,229,9708,143522,233469,1000000000,7291500,579400,8000,1300,1000,1016148635,2872559100
485,2022/08/26,04,06,17,20,22,24,26,08,09,0,21,154,7126,113588,231428,0,4232800,808000,10200,1500,900,1563657040,2693736900
486,2022/09/02,08,13,15,23,24,31,35,14,19,2,13,243,10476,153072,226244,1000000000,7019100,525700,7100,1200,1000,104712900,2765242800
487,2022/09/09,09,10,13,15,26,34,37,22,36,1,12,154,7044,104051,168573,552858100,6097800,665200,8500,1400,1000,0,2217506700
488,2022/09/16,03,13,16,18,19,20,35,02,11,1,4,75,4222,70925,131335,383488500,15564800,1162100,12100,1700,1100,0,1886738700
489,2022/09/23,03,06,07,15,25,29,31,08,14,1,12,109,5679,86726,153879,354131100,4843000,746400,8400,1300,900,0,1761207300
490,2022/09/30,12,14,18,21,23,29,37,07,15,0,4,95,4529,73211,139579,0,14892600,877800,10800,1600,1000,363773865,1805255700
491,2022/10/07,03,14,17,21,22,32,35,06,30,1,5,122,5856,88701,151919,773648000,13627400,781800,9500,1500,1100,0,2064855900
492,2022/10/14,07,10,12,15,23,31,37,09,18,1,9,161,6354,92253,150333,366686800,6535600,511400,7600,1200,900,0,1782525300
493,2022/10/21,05,13,14,20,21,25,31,09,36,0,6,79,4497,75308,134491,0,9748200,1036500,10600,1500,1000,362128220,1772493600
494,2022/10/28,07,09,12,22,28,29,32,17,19,2,12,114,6941,102791,175537,395981700,5907500,870500,8300,1300,1000,0,2148306300
495,2022/11/04,02,16,19,20,22,33,36,06,32,0,8,91,4588,72963,124363,0,7412400,912200,10600,1600,1100,364184980,1797038400
496,2022/11/11,05,08,15,18,25,27,36,10,26,2,11,167,7528,109915,175299,405019800,6668400,614900,8000,1300,1000,0,2222906400
497,2022/11/18,18,20,24,26,27,30,33,17,19,0,5,66,3980,69262,125092,0,11694000,1240200,12000,1700,1100,353930960,1771912800
498,2022/11/25,06,08,12,20,21,24,29,04,18,0,10,129,6769,99491,176414,0,7047300,764800,8500,1400,900,790251330,2135664600
499,2022/12/02,05,09,14,18,27,32,34,06,12,0,16,221,8096,111022,181916,0,4829400,489400,7800,1400,1000,1258068270,2341645200
500,2022/12/09,17,18,24,30,31,32,35,06,36,0,15,152,6824,110163,190311,0,5579300,770800,10000,1500,1000,1774703030,2536180800
501,2022/12/16,01,02,04,07,12,14,31,30,33,1,6,218,9286,141492,215790,1000000000,15919600,613400,8400,1300,1100,1348731375,2894618100
502,2022/12/23,01,02,12,17,21,22,33,04,30,0,3,150,7626,119205,208484,0,30444100,852400,9800,1500,1000,1913011705,2767775400
503,2022/12/30,05,07,08,13,23,26,33,31,37,0,18,208,10395,161047,257833,0,5592500,677500,7900,1200,900,2536777440,3050616300
504,2023/01/06,01,03,04,05,06,29,31,11,14,1,13,217,11701,141326,258873,1000000000,7371600,618200,6700,1300,900,2118551250,2904133800
505,2023/01/13,09,10,12,15,16,28,36,01,23,0,12,275,11204,154200,245688,0,8258600,504500,7200,1300,1000,2705376860,3003295800
506,2023/01/20,08,14,19,22,29,31,37,03,21,2,12,222,10164,147222,246924,1000000000,8445600,639100,8100,1300,1000,1323589725,3071291700
507,2023/01/27,04,19,25,26,30,32,36,01,15,1,7,138,6430,108277,184832,1000000000,12331700,875700,11000,1600,1100,846306770,2615942100
508,2023/02/03,01,05,06,09,16,26,31,25,33,1,7,179,8638,121633,192948,1000000000,11909300,652000,7900,1300,1000,363778090,2526345600
509,2023/02/10,10,14,22,26,27,32,33,20,37,0,3,105,5911,92429,146055,0,23900300,955900,9900,1500,1200,797065930,2172859200
510,2023/02/17,03,05,09,11,17,33,37,04,22,0,9,200,8931,123907,202126,0,8723400,549500,7200,1200,900,1284408195,2379239700
511,2023/02/24,01,09,14,24,28,36,37,16,31,0,7,129,6226,103546,184705,0,11814000,897400,10900,1600,1100,1776990695,2506128000
512,2023/03/03,05,07,17,22,25,26,28,03,23,1,12,131,7212,123047,219819,1000000000,7355400,943200,10000,1400,1000,1304641875,2674844400
513,2023/03/10,01,04,10,13,15,19,37,16,20,0,11,138,7276,108546,170255,0,7467800,833300,9200,1500,1200,1793659590,2489384700
514,2023/03/17,01,05,10,17,20,27,37,03,22,1,9,184,8052,114858,208867,1000000000,9414800,644600,8600,1400,1000,1306911980,2567794200
515,2023/03/24,03,15,17,22,26,27,28,06,08,0,15,141,8542,129985,241648,0,5921900,881900,8500,1300,900,1846022580,2691906000
516,2023/03/31,07,12,15,16,18,25,36,09,19,2,10,136,8037,128293,215501,1000000000,8722600,897900,8900,1300,1000,372374340,2643340800
517,2023/04/07,03,06,10,16,26,29,31,07,24,0,8,147,6834,101882,180354,0,9170800,698700,8800,1400,1000,813677235,2223347100
518,2023/04/14,05,08,11,24,30,32,36,04,35,1,9,260,9685,133741,210513,1000000000,8971200,434700,6800,1200,900,305177955,2446827600
519,2023/04/21,01,02,08,14,17,21,34,20,26,0,13,122,6866,103914,164126,0,5643900,841900,8700,1400,1100,743906085,2223473400
520,2023/04/28,09,22,25,28,33,34,37,15,16,1,22,165,7403,112026,202352,1000000000,3698400,690300,9000,1400,1000,232407180,2465735100
521,2023/05/05,21,24,25,27,30,33,36,03,31,1,8,135,5258,80122,147891,638520100,8456400,701500,10500,1700,1100,0,2050140300
522,2023/05/12,01,10,12,19,22,25,37,02,34,0,10,127,5525,83782,134880,0,6067800,668800,9000,1400,1100,366464655,1838817900
523,2023/05/19,03,17,19,27,28,32,35,02,34,0,6,127,6025,94864,145968,0,11262000,744800,9200,1400,1100,776983410,2047743900
524,2023/05/26,04,17,22,27,29,31,34,03,37,1,11,140,7028,106455,187891,1000000000,6798900,747800,8700,1400,900,238111585,2266423500
525,2023/06/02,11,14,17,18,21,25,31,01,27,0,7,94,5118,85778,154759,0,9544900,995000,10700,1500,1000,650728380,2024777100
526,2023/06/09,04,13,17,19,20,26,29,02,28,0,10,115,5873,96844,164817,0,7403300,901200,10300,1500,1100,1095600170,2243554200
527,2023/06/16,04,08,12,25,27,32,34,15,17,0,20,188,7580,116209,205886,0,3983900,593300,8600,1300,900,1589401330,2414614800
528,2023/06/23,05,07,10,19,30,32,33,01,17,1,12,147,6753,113489,202552,1000000000,7076600,808700,10300,1500,1000,1101315455,2573452500
529,2023/06/30,07,09,13,14,22,26,29,10,21,0,6,195,8405,124745,194268,0,13577000,584800,7900,1300,1000,1593884710,2468673900
530,2023/07/07,01,11,13,28,29,30,34,23,27,2,9,114,6398,105288,193759,1000000000,9467200,1046300,10900,1600,1000,119381960,2582085000
531,2023/07/14,04,06,09,11,14,28,30,10,12,0,15,188,7243,102958,180894,0,4506500,503300,7600,1300,900,527312195,2048544300
532,2023/07/21,04,09,13,18,26,28,36,08,16,3,10,154,7151,103172,170061,321126500,7103000,645700,8100,1300,1000,0,2152539600
533,2023/07/28,02,04,09,11,14,25,37,29,32,0,7,126,5849,87880,138522,0,8311900,646400,8100,1300,1000,353679775,1763227500
534,2023/08/04,10,17,18,19,20,24,25,30,32,0,20,94,5334,87257,159883,0,3650500,1087300,11200,1600,1100,798902130,2212581900
535,2023/08/11,05,11,12,19,29,32,36,09,26,0,12,145,6372,101038,186976,0,6008000,696000,9200,1400,900,1240705000,2184828600
536,2023/08/18,08,12,16,17,22,28,34,09,37,1,14,263,7787,118669,196925,1000000000,5789500,431400,8500,1300,1000,734146400,2456304000
537,2023/08/25,02,03,09,13,14,35,37,04,17,2,10,118,5834,101012,184920,591245200,7528900,893200,10500,1500,1000,0,2281612800
538,2023/09/01,01,02,11,12,16,25,28,06,22,0,14,137,6204,91770,152580,0,4363900,624300,8000,1300,1000,365023765,1851467700
539,2023/09/08,04,06,08,18,20,27,35,24,26,0,11,130,6110,95689,169636,0,6340000,751000,9300,1400,1000,788274925,2113432800
540,2023/09/15,03,07,10,18,19,28,36,13,26,1,8,208,8111,118372,191843,1000000000,9351500,503500,7500,1200,900,253416760,2267154300
541,2023/09/22,06,14,23,25,27,28,34,19,37,3,5,118,5478,87354,149062,214363900,13141400,779500,9800,1500,1100,0,1991214900
542,2023/09/29,02,09,26,31,33,35,36,15,20,0,6,57,3951,71166,136784,0,9690100,1427900,12000,1600,1000,355270600,1761918000
543,2023/10/06,02,11,13,18,23,24,36,17,26,0,6,128,6228,96296,160064,0,11490200,754000,9000,1400,1000,779041445,2089232100
544,2023/10/13,10,11,18,21,22,29,34,04,32,0,10,127,6507,101005,178633,0,7362700,811600,9200,1400,1000,1226494485,2231239200
545,2023/10/20,03,12,16,17,27,30,34,15,37,0,14,162,7548,115393,192578,0,5862500,709200,8900,1400,1000,1727480875,2487238200
546,2023/10/27,07,14,17,28,33,35,36,13,27,1,24,216,9142,130819,230481,1000000000,3629800,564600,7800,1300,900,1257626450,2640043500
547,2023/11/03,04,11,14,18,23,25,29,17,32,2,20,145,8399,124447,208190,875502100,3981200,768700,7700,1200,900,0,2412984600
548,2023/11/10,01,13,16,17,18,25,30,20,34,0,2,85,4195,74141,123770,0,30060800,990200,11700,1600,1200,359358250,1821951000
549,2023/11/17,13,19,20,28,33,34,35,04,32,1,7,81,4913,83442,150753,780388600,9876200,1194800,11500,1600,1100,0,2095061400
550,2023/11/24,07,08,13,22,24,29,30,10,35,1,6,107,5318,85450,139581,355939600,9698900,761300,8900,1300,1000,0,1763529600
551,2023/12/01,15,16,17,22,29,32,37,23,24,1,14,98,4376,74056,133852,360740200,4153100,830600,10900,1500,1000,0,1762037400
552,2023/12/08,07,11,12,16,18,33,34,01,14,1,6,91,5089,84631,139227,366833400,9987700,921900,9600,1400,1000,0,1816038600
553,2023/12/15,02,06,13,15,16,20,33,09,28,0,6,110,4101,68147,137167,0,9757600,745100,11700,1700,1000,356888310,1774207800
554,2023/12/22,04,10,15,17,29,32,36,13,30,1,12,191,7069,103729,172086,792744800,6025600,529900,8400,1400,1000,0,2191246200
555,2023/12/29,09,12,17,19,26,32,34,11,22,0,8,108,5749,87701,152455,0,7828000,811700,8900,1400,1000,377317740,1897795200
556,2024/01/05,17,20,26,28,29,33,35,01,06,0,4,84,4436,72365,122241,0,14527600,968400,10700,1600,1100,732601355,1761008700
557,2024/01/12,03,05,07,10,17,18,35,02,21,1,14,146,6976,110129,180274,1000000000,5228100,701800,8600,1300,1000,171654495,2218099200
558,2024/01/19,15,20,21,22,23,26,34,06,10,0,7,86,4835,80066,138145,0,9408900,1072100,11100,1600,1100,578024470,1995925500
559,2024/01/26,03,04,10,13,15,18,22,02,16,0,13,134,6251,100486,162847,0,5473800,743400,9300,1400,1000,1015997335,2156465700
560,2024/02/02,03,20,29,32,33,34,35,02,24,0,8,148,6031,98805,166341,0,10266300,776800,11100,1600,1200,1514273370,2488920300
561,2024/02/09,06,08,19,20,27,32,37,13,33,1,8,127,6394,108253,188802,1000000000,10820000,954100,11100,1600,1100,1035102155,2623155300
562,2024/02/16,02,14,15,20,28,30,34,03,04,0,11,120,5777,98816,180288,0,7384100,947600,11500,1600,1100,1524980265,2461495800
563,2024/02/23,01,04,06,14,16,19,31,12,18,0,8,159,6606,105711,186298,0,10311600,726300,10200,1500,1100,2021090665,2499912000
564,2024/03/01,09,13,15,18,22,24,30,06,27,1,24,210,9438,145843,233839,1000000000,3852600,616400,8000,1200,900,1599136785,2802051600
565,2024/03/08,03,06,09,11,19,30,36,01,33,2,35,211,9469,130014,207730,1000000000,2424200,562900,7300,1300,1000,106747050,2571335700
566,2024/03/15,03,05,18,25,28,35,37,07,08,1,8,154,6517,96769,195295,537618600,8900300,647200,8900,1400,900,0,2157747000
567,2024/03/22,06,08,16,18,19,34,37,15,30,0,4,93,4514,74726,127866,0,14460300,870700,10500,1500,1100,349829715,1752854700
568,2024/03/29,08,18,20,29,30,33,34,05,23,0,7,131,5684,91484,154541,0,9873200,738500,9900,1500,1100,762967010,2094413100
569,2024/04/05,12,15,17,22,30,34,35,05,09,0,10,125,5759,99219,194120,0,7651000,856900,10900,1500,900,1236414000,2318620200
570,2024/04/12,01,03,09,12,25,26,35,29,31,2,10,271,7496,116111,190659,869044700,8201300,423600,8900,1400,1000,0,2485362000
571,2024/04/19,13,26,27,29,30,34,37,02,23,0,4,90,4415,75152,122724,0,14767000,918800,10900,1500,1200,355631760,1790026800
572,2024/04/26,01,02,04,19,21,26,28,03,25,0,2,99,5026,89528,156133,0,34481400,975200,11200,1500,1100,768241650,2089882200
573,2024/05/03,11,12,18,19,23,26,31,15,25,0,5,145,6395,100437,172979,0,14263100,688500,9100,1400,1000,1197840385,2161182300
574,2024/05/10,04,05,13,16,22,23,35,36,37,0,14,143,6932,109148,176949,0,5613800,769400,9300,1400,1100,1669082515,2381729400
575,2024/05/17,02,12,18,20,25,28,30,09,23,0,13,115,6351,106422,195726,0,6423800,1016600,10800,1500,1000,2183545155,2530735200
576,2024/05/24,11,13,14,18,19,23,31,07,27,0,12,135,7859,120892,228683,0,7195900,895400,9000,1400,900,2708086840,2616813300
577,2024/05/31,11,13,19,25,29,36,37,18,30,1,9,170,7663,125128,223594,1000000000,10372100,768700,10000,1500,1000,2269144745,2828892900
578,2024/06/07,02,15,19,20,22,31,36,13,23,0,13,149,6696,107198,202202,0,6769900,826900,10700,1600,1000,2812746370,2667076500
579,2024/06/14,07,19,23,33,34,35,36,05,10,1,11,135,7206,123035,201669,1000000000,8436500,962300,10500,1500,1100,2373524405,2812314300
580,2024/06/21,04,13,14,15,17,27,33,02,11,0,9,156,7544,125163,210700,0,9826200,793600,9600,1400,1000,2908940140,2680008300
581,2024/06/28,03,08,10,15,18,23,37,17,24,2,12,226,8914,138044,238776,1000000000,7743100,575500,8500,1300,900,1482952630,2815816200
582,2024/07/05,05,07,22,29,30,32,36,03,33,1,8,133,6835,113226,193754,1000000000,10538700,887400,10100,1500,1000,997731440,2554975800
583,2024/07/12,01,05,08,09,20,30,37,11,26,0,8,151,6683,105944,191744,0,9744000,722700,9500,1400,1000,1470132865,2362300500
584,2024/07/19,10,11,12,17,23,30,36,20,21,0,13,155,7946,118488,180140,0,6183900,726100,8300,1300,1100,1955353800,2436216300
585,2024/07/26,06,11,13,14,16,27,34,12,25,1,7,125,7130,114634,192783,1000000000,11717100,918600,9400,1400,1000,1456719310,2485561800
586,2024/08/02,01,02,04,14,15,22,23,13,36,1,13,145,7369,115199,198040,1000000000,6435200,807700,9300,1400,1000,968941030,2535213600
587,2024/08/09,15,18,21,22,23,25,32,01,30,1,6,96,5667,97589,158922,1000000000,12684600,1109800,11000,1500,1100,440637795,2306399700
588,2024/08/16,03,05,09,13,15,21,31,12,17,1,7,162,8288,112218,187524,866631700,10000200,604900,6900,1200,900,0,2121354600
589,2024/08/23,01,06,08,09,14,29,33,05,23,0,6,108,5366,87189,151319,0,9836500,765000,9000,1300,900,365379630,1788545400
590,2024/08/30,01,03,09,10,15,25,35,19,28,1,9,139,6431,98541,162083,775029900,7570500,686200,8700,1400,1000,0,2064792600
591,2024/09/06,04,07,08,11,21,23,35,10,24,1,5,159,6292,95260,162045,363216400,11968400,526900,7800,1200,900,0,1813479300
592,2024/09/13,03,08,11,15,19,24,32,14,30,4,5,246,7760,95465,138086,87523300,11570100,329200,6100,1200,1000,0,1753126800
593,2024/09/20,03,08,09,14,15,22,32,01,12,2,12,156,6549,93941,150668,170952500,4721900,508500,7100,1200,900,0,1717160400
594,2024/09/27,05,12,21,25,27,34,36,10,32,0,4,98,4775,75500,122949,0,14140200,808000,9700,1500,1100,340766705,1714050900
595,2024/10/04,14,15,16,19,25,28,33,06,29,2,5,102,4906,83017,145095,366536500,13147500,902200,11000,1600,1100,0,1992146700
596,2024/10/11,01,09,16,19,23,29,32,05,37,1,16,102,5176,79044,135746,348533900,3568100,783500,9000,1400,1000,0,1730071500
597,2024/10/18,02,04,14,15,22,27,34,01,05,1,11,129,5777,82197,127887,340034100,5127300,612000,8000,1300,1100,0,1709178300
598,2024/10/25,01,04,07,11,12,18,26,03,33,0,19,193,7561,99897,159869,0,2948300,406300,6000,1100,800,346336115,1697594700
599,2024/11/01,04,07,16,19,26,31,33,25,29,0,10,142,5733,90065,156943,0,6748600,665300,9600,1500,1000,757610605,2045134200
600,2024/11/08,01,02,12,16,19,29,32,09,37,2,9,136,6639,100210,178341,605878500,8344100,773000,9200,1500,1000,0,2275791600
601,2024/11/15,04,08,18,20,29,35,37,19,34,0,8,103,4495,69638,121322,0,7034100,764800,10200,1600,1100,341623880,1705322400
602,2024/11/22,07,15,18,24,29,31,34,05,25,1,14,129,6357,95864,157071,748847700,4787500,727400,8600,1400,1000,0,2031187200
603,2024/11/29,04,09,10,23,28,30,34,18,31,0,4,89,5200,81984,132165,0,14144500,889900,8900,1400,1000,342553405,1714566900
604,2024/12/06,04,06,09,12,25,31,36,27,30,1,10,156,6826,102518,169531,752223400,6838400,613600,8200,1300,1000,0,2072340600
605,2024/12/13,02,08,15,26,28,31,32,19,24,2,868,132,5516,81272,143908,178072800,66200,609900,8500,1400,900,0,1742884500
606,2024/12/20,09,17,18,20,22,27,36,25,37,0,2,89,4737,75921,123899,0,28280000,889600,9800,1500,1100,338982680,1714022400
607,2024/12/27,12,14,20,27,31,34,37,19,21,0,7,115,5671,91878,165827,0,10960200,933900,11100,1600,1100,808753825,2325008100
608,2025/01/10,07,10,11,18,20,29,30,32,36,0,10,200,8848,132329,194301,0,8639800,604700,8000,1300,1100,1323081880,2618241900
609,2025/01/17,04,11,12,23,26,32,37,01,09,0,12,156,7808,118584,210772,0,6953000,748700,8700,1400,900,1837033120,2528503200
610,2025/01/24,01,08,09,23,24,31,36,21,28,2,13,172,9091,138054,216296,1000000000,6931800,733400,8100,1300,1000,380263390,2730870600
611,2025/01/31,07,08,11,18,20,30,34,05,14,1,7,151,6885,103668,167800,805690900,9981300,647700,8300,1300,1000,0,2117362800
612,2025/02/07,05,13,16,23,27,31,34,26,33,1,3,137,5619,79216,125666,357391600,19408300,594900,8500,1400,1100,0,1764476400
613,2025/02/14,03,05,06,10,19,21,35,13,27,1,12,233,7688,98001,154525,453102600,4477900,265600,4800,1200,1000,0,1950557400
614,2025/02/21,14,21,22,23,24,28,34,05,37,2,6,78,4122,71114,124158,207555000,8222100,728500,8300,1600,1100,0,1790743200
615,2025/02/28,04,11,21,26,27,28,33,10,13,0,5,100,5119,83956,150454,0,9904300,570400,6700,1300,900,423508450,1797597000
616,2025/03/07,07,15,20,28,29,34,36,01,35,0,5,127,6128,96876,154738,0,11794900,534900,6700,1400,1100,913032910,2140726800
617,2025/03/14,02,06,10,12,25,28,35,27,31,1,15,186,7781,121794,194794,1200000000,4639700,431000,6200,1300,1000,298721810,2526264000
618,2025/03/21,07,17,20,23,24,34,36,25,35,0,5,105,5328,89467,144750,0,11191500,613800,7300,1400,1100,768982020,2031199800
619,2025/03/28,08,09,18,20,27,29,32,07,12,0,15,151,7190,110787,190055,0,4182400,478500,6000,1300,900,1300543185,2277251700
620,2025/04/04,02,04,08,10,12,29,32,06,13,1,11,160,8655,128170,204580,1200000000,6287200,497900,5500,1200,900,695876615,2510411400
621,2025/04/11,01,02,12,13,14,30,36,09,24,0,7,87,5161,88530,175012,0,8715900,807800,8200,1600,1000,1202205675,2214664800
622,2025/04/18,01,10,28,29,30,33,34,21,27,0,9,113,5777,95242,170185,0,7569700,694400,8200,1600,1100,1781479320,2472956100
623,2025/04/25,09,12,22,26,28,31,37,07,30,1,6,139,7435,124781,213674,1200000000,12275400,610300,6900,1300,1000,1198885675,2673513900
624,2025/05/02,02,14,15,26,27,34,36,09,24,2,11,206,8146,116297,202429,895860400,6319400,388700,5900,1400,900,0,2523297900
625,2025/05/09,03,10,12,18,19,24,32,04,15,1,3,121,6004,89063,151776,420020500,16607600,474300,5700,1300,900,0,1808526000
626,2025/05/16,01,03,07,12,17,32,34,14,30,0,7,84,4690,81366,131630,0,6952100,667300,7200,1400,1000,410892875,1766491500
627,2025/05/23,09,15,21,30,33,34,37,10,35,1,8,101,5683,94832,146514,888183900,7147700,652100,7000,1400,1100,0,2075657700
628,2025/05/30,01,08,09,11,18,27,35,16,34,2,7,140,6457,92719,132363,201318100,6747800,388600,5100,1100,1000,0,1714576800
629,2025/06/06,02,07,09,21,23,24,30,22,29,0,9,104,5225,82104,131737,0,5342800,532500,6400,1300,1000,410077305,1745454900
630,2025/06/13,04,06,08,23,28,29,34,10,19,1,9,140,7287,107292,185524,905253400,6358900,470800,5400,1200,800,0,2077416900
631,2025/06/20,02,03,06,17,33,35,36,25,37,1,4,70,4436,74782,129900,413009000,12141400,799100,7600,1500,1000,0,1762884900
632,2025/06/27,05,07,10,11,29,31,37,13,25,0,7,146,6019,89869,148895,0,6766500,373700,5400,1200,900,397424060,1719334800
633,2025/07/04,02,05,10,17,21,31,36,20,32,0,4,142,5822,89128,140583,0,14565500,472600,6900,1500,1200,881176280,2114859600
634,2025/07/11,02,12,18,29,32,36,37,05,21,0,6,116,6526,104526,175692,0,10841100,645900,6900,1400,1000,1436653640,2361124800
635,2025/07/18,10,12,20,29,30,31,34,04,15,2,13,189,7786,116052,204601,1016445900,5308300,420500,6100,1300,900,0,2504941800
636,2025/07/25,10,14,17,20,26,27,29,03,11,1,10,84,3976,67850,137041,414014200,4889100,670400,8500,1600,1000,0,1774701900
637,2025/08/01,01,04,07,08,09,20,21,11,30,0,16,175,7431,96563,168633,0,2992100,315100,4400,1100,800,405166445,1737788100
638,2025/08/08,01,06,18,19,35,36,37,11,24,1,2,114,5562,85604,162053,898476500,29043000,586900,7200,1500,1000,0,2108462400
639,2025/08/15,05,09,12,15,30,31,34,13,29,2,15,136,6189,94177,157665,196037800,3071100,390100,5100,1100,800,0,1672192200
640,2025/08/22,02,07,09,12,13,14,29,15,30,1,6,159,6510,94465,144732,388970000,7697600,334600,4900,1100,900,0,1676502900
641,2025/08/29,01,03,07,23,24,33,36,17,30,1,9,123,5060,83272,137907,405020100,5251000,442500,6500,1300,900,0,1715481300
642,2025/09/05,01,07,22,23,33,34,35,02,24,1,13,105,4866,73462,123377,403352100,3588800,511800,6600,1400,1000,0,1693522200
643,2025/09/12,01,05,15,16,18,27,34,19,22,1,2,96,4545,74803,128381,406203200,23971500,575200,7300,1500,1000,0,1740287700
644,2025/09/19,01,11,12,14,20,26,29,02,05,0,15,83,4489,74279,144229,0,3086600,642500,7200,1400,900,390550165,1680653700
645,2025/09/26,07,10,16,20,26,32,35,24,33,1,10,118,4637,77692,137997,864763200,5561700,542900,8300,1600,1100,0,2018851800
646,2025/10/03,05,12,13,15,18,35,37,11,29,0,3,90,4224,71409,133259,0,15584300,598300,7700,1500,1000,390192400,1697088000
647,2025/10/10,04,05,09,13,17,22,28,18,31,2,15,201,7877,109520,171116,434879400,3781000,325000,5000,1200,900,0,2058711000
648,2025/10/17,03,17,19,24,28,29,35,07,13,0,5,98,4824,76143,144616,0,9219600,541800,6600,1400,900,385202370,1673310600
649,2025/10/24,12,22,23,26,33,35,37,02,21,0,6,86,4994,82690,142180,0,9344500,750900,7800,1500,1100,861008665,2035193100
650,2025/10/31,01,08,10,14,25,33,35,12,21,0,9,131,6089,102491,187310,0,7310100,578500,7500,1500,1000,1407387900,2388150300
651,2025/11/07,02,13,19,20,24,26,35,29,36,2,5,169,8046,108788,184493,1002473400,14281700,486700,6100,1500,1100,0,2592054900
652,2025/11/14,01,16,21,26,27,30,35,06,37,0,3,61,3488,62068,116684,0,15699300,889300,9400,1700,1100,401325585,1709613300
653,2025/11/21,06,07,12,25,26,30,33,13,15,2,10,150,6217,96296,165734,443721800,5638000,432900,6300,1300,900,0,2046546000
654,2025/11/28,03,12,25,29,30,32,33,28,31,0,1,78,4451,75792,122540,0,46473000,686300,7200,1400,1100,386161670,1686924600
655,2025/12/05,04,05,12,13,24,26,33,03,14,0,11,188,7853,111582,165047,0,5065500,341400,4900,1100,900,866671845,2022613500
656,2025/12/12,01,04,06,20,30,34,37,14,25,0,8,101,5376,88924,163715,0,8137600,742400,8400,1700,1100,1413567000,2363097900
657,2025/12/19,09,11,16,23,27,29,32,06,24,2,16,234,9448,132636,211905,1014653200,4631900,364800,5400,1300,1000,0,2690142600
658,2025/12/26,10,12,16,18,19,22,37,11,20,0,5,101,4749,81174,142116,0,11109000,633400,8100,1600,1100,463117105,2016240900
659,2026/01/09,02,08,09,14,27,34,36,05,18,1,12,162,8394,124990,208850,1052412400,5802800,495100,5700,1300,900,0,2527628700
660,2026/01/16,04,06,12,13,16,17,31,14,20,0,4,98,4635,81348,123996,0,12451900,585400,7500,1400,1100,421366875,1807975500
661,2026/01/23,07,12,17,22,31,34,35,20,32,0,5,125,5996,102827,153889,0,12032000,554300,7000,1300,1100,929684620,2183756100
662,2026/01/30,04,14,15,21,22,24,37,05,20,0,5,115,5940,103770,171054,0,13637200,682900,8000,1500,1100,1505420275,2475087900
663,2026/02/06,04,06,10,11,13,17,23,25,32,0,9,193,8470,134057,215089,0,8294400,445500,6100,1300,1000,2123132130,2709717900
664,2026/02/13,03,06,08,14,21,22,31,17,37,1,19,168,8897,137445,224969,1200000000,4269900,556200,6300,1300,1000,1614067975,2944898100
665,2026/02/20,06,08,14,19,22,25,35,12,17,0,9,184,7883,119040,214440,0,8099800,456300,6400,1400,900,2237878385,2646157800
666,2026/02/27,02,17,18,22,23,25,33,16,34,0,5,185,8046,130221,214363,0,15876200,494200,6800,1400,1000,2912341960,2881459500
667,2026/03/06,09,13,20,22,28,29,33,21,23,0,14,189,9873,153158,246992,0,6601300,563200,6500,1400,1000,3697519850,3354730200
668,2026/03/13,01,08,11,14,18,22,29,19,35,1,16,234,11156,166415,264125,1200000000,5588600,440100,5500,1200,900,3266950045,3245777100
669,2026/03/20,03,05,06,07,09,13,16,11,23,2,22,222,10209,148325,263260,1200000000,3778000,431200,5600,1300,900,1558856305,3017056800
670,2026/03/27,03,04,09,10,18,21,37,15,23,0,16,147,7911,125711,217487,0,4620300,579200,6500,1300,900,2196737615,2683405800
671,2026/04/03,07,13,16,22,28,33,36,02,25,2,19,263,10104,134547,223323,1200000000,4111800,342100,5300,1300,1000,453007035,2835891600
672,2026/04/10,07,11,15,16,17,24,33,06,09,1,10,126,7165,107970,187855,987027000,6250000,571300,6000,1300,900,0,2268720600
673,2026/04/17,06,09,10,12,16,24,32,17,19,0,6,116,6477,91357,148579,0,8471200,504700,5400,1300,900,433409850,1844985000
674,2026/04/24,01,06,07,09,12,22,26,08,14,1,19,260,10138,130525,206937,955304700,3189700,268500,4100,1000,800,0,2199888000
675,2026/05/01,05,08,16,18,24,28,31,06,23,2,8,154,6664,93317,152104,211322100,6223800,372400,5200,1200,900,0,1807357800
676,2026/05/08,02,06,15,19,20,22,27,31,33,1,15,97,5220,78478,135179,415718800,3265400,581600,6500,1400,1000,0,1777985100
677,2026/05/15,05,06,07,08,15,17,19,01,33,1,12,134,5590,86339,155939,408725600,3937000,406100,5900,1200,800,0,1714946700
678,2026/05/22,02,06,12,15,24,26,34,18,20,2,10,105,5013,81377,131661,200726400,4734500,519400,6500,1300,1000,0,1718601000
679,2026/05/29,06,08,09,18,22,24,35,04,20,2,8,145,6716,99141,146091,200790300,5949200,378000,4900,1100,900,0,1727621400
680,2026/06/05,09,10,22,26,27,31,36,20,29,0,7,65,4347,73236,121710,0,6861400,851100,7700,1500,1100,403991465,1743443700
681,2026/06/12,01,10,12,13,19,33,35,14,37,1,6,94,5510,94077,151785,910082500,9942700,731000,7500,1400,1100,0,2165461200
682,2026/06/19,11,14,17,23,28,30,36,12,20,0,8,123,5736,81327,125087,0,6025900,451400,5800,1300,1100,407125875,1749877500
683,2026/06/26,11,21,22,25,28,29,36,08,32,2,7,96,5437,88375,163620,447577600,8304300,697500,7400,1500,1000,0,2110079400
684,2026/07/03,08,14,17,19,20,32,36,21,25,1,8,100,4616,71534,125163,411154000,6146900,566400,7400,1600,1100,0,1785025200
685,2026/07/10,01,05,16,20,21,22,31,23,36,1,2,77,4045,68450,114400,395865900,23825900,712800,8200,1600,1200,0,1729716300
686,2026/07/17,01,03,16,18,32,34,35,02,15,0,5,67,3588,61605,113788,0,9047600,777700,8800,1700,1100,380135765,1642109700
687,2026/07/24,15,22,23,24,25,29,36,35,37,0,4,84,5210,88245,142408,0,13731000,753100,7300,1400,1100,840886345,1993688400
688,2026/07/31,04,21,25,28,30,35,37,12,16,0,12,128,5218,89558,169337,0,5173400,558600,8300,1600,1000,1365436540,2253491100
689,2026/08/07,04,18,23,24,32,33,35,29,36,1,7,133,6749,104182,185140,1200000000,9453700,573100,6800,1400,1000,727107220,2402126400
690,2026/08/14,03,10,14,17,18,20,25,19,34,0,8,108,5729,96073,164199,0,7708900,657700,7500,1500,1000,1250502065,2238608100
691,2026/08/21,08,10,20,22,23,27,37,02,09,0,11,153,6219,103606,194539,0,6234800,516300,7700,1500,1000,1825360080,2489486700
692,2026/08/28,07,09,15,18,20,28,31,21,34,0,15,150,7833,125576,213279,0,4887100,562900,6500,1300,900,2458943110,2660975400
693,2026/09/04,16,17,22,23,25,33,35,13,31,1,9,176,10089,147545,227550,1200000000,9294500,547400,5700,1300,1000,1968477730,3036429600
694,2026/09/11,03,13,24,26,30,31,36,23,34,1,7,138,7244,122297,203095,1200000000,10624700,620800,7100,1400,1000,1397546105,2699677500
695,2026/09/18,05,06,11,16,22,24,34,15,18,1,11,134,7462,120778,210221,1200000000,6302700,595900,6400,1300,900,786875905,2516616000
696,2026/09/25,10,11,15,16,23,24,34,14,35,3,15,149,6887,105838,169358,439656900,4147900,481000,6300,1300,1000,0,2258484600
